type	lineage	name	year	ag1	ag2
virus	H3N2	A/Wisconsin/67/2005	2005	38.4072	0.4420
virus	H3N2	A/Trieste/25c/2007	2007	40.7500	0.2272
virus	H3N2	A/Wisconsin/3/2007	2007	38.8065	0.1480
virus	H3N2	A/Brisbane/10/2007	2007	38.3811	-0.0370
virus	H3N2	A/Uruguay/716/2007	2007	37.9648	0.3682
virus	H3N2	A/Johannesburg/15/2008	2008	41.0432	1.9083
virus	H3N2	A/England/394/2008	2008	41.3898	1.2855
virus	H3N2	A/Brisbane/24/2008	2008	38.9454	0.2056
virus	H3N2	A/Norway/1/2009	2009	39.3093	1.0983
virus	H3N2	A/England/669/2008	2008	39.3532	1.5366
virus	H3N2	A/Stockholm/26/2008	2008	39.2098	1.0191
virus	H3N2	A/Switzerland/1397477/2008	2008	40.5433	1.9173
virus	H3N2	A/Perth/16/2009	2009	44.8195	-1.1446
virus	H3N2	A/RhodeIsland/1/2010	2010	43.7245	2.4134
virus	H3N2	A/Alabama/5/2010	2010	45.6859	1.7844
virus	H3N2	A/Perth/10/2010	2010	44.6865	1.2565
virus	H3N2	A/Wisconsin/13/2010	2010	44.5068	0.1671
virus	H3N2	A/Florida/43/2010	2010	45.0005	1.5437
virus	H3N2	A/Minnesota/17/2010	2010	43.4156	2.1511
virus	H3N2	A/HongKong/3170/2010	2010	43.5153	-0.4554
virus	H3N2	A/Uvurkhangai/3970/2010	2010	43.4582	1.3047
virus	H3N2	A/Ulaanbaatar/3849/2010	2010	43.5835	1.6919
virus	H3N2	A/HongKong/1/1968	1968	1.2095	-0.7467
virus	H3N2	A/England/42/1972	1972	4.9948	-1.3812
virus	H3N2	A/Victoria/3/1975	1975	9.5306	-0.9176
virus	H3N2	A/Texas/1/1977	1977	11.8596	0.2918
virus	H3N2	A/Bangkok/1/1979	1979	13.3306	0.7011
virus	H3N2	A/Philippines/2/1982	1982	14.1440	0.7401
virus	H3N2	A/Mississippi/1/1985	1985	17.2357	2.1402
virus	H3N2	A/Shanghai/11/1987	1987	17.6333	-1.5721
virus	H3N2	A/Beijing/352/1989	1989	21.2951	1.1427
virus	H3N2	A/Beijing/32/1992	1992	23.3834	-2.5861
virus	H3N2	A/Johannesburg/33/1994	1994	26.9280	-3.4322
virus	H3N2	A/Wuhan/359/1995	1995	27.3515	1.7145
virus	H3N2	A/Sydney/5/1997	1997	32.4341	1.9137
virus	H3N2	A/Canada/578/2004	2004	36.9925	0.1972
virus	H3N2	A/Fujian/411/2002	2002	34.7569	-0.7090
virus	H3N2	A/Taiwan/8/2002	2002	32.9707	0.8255
virus	H3N2	A/Fujian/445/2003	2003	34.3927	0.3909
virus	H3N2	A/Shanghai/369/2003	2003	34.8604	1.8682
virus	H3N2	A/Taiwan/1529/2003	2003	34.9895	0.9534
virus	H3N2	A/Anhui/1238/2005	2005	37.7743	0.0415
virus	H3N2	A/Anhui/1239/2005	2005	38.8612	1.6047
virus	H3N2	A/Taiwan/51/2005	2005	37.6569	-0.5369
virus	H3N2	A/Taiwan/83/2006	2006	38.1495	0.1192
virus	H3N2	A/Taiwan/99/2006	2006	38.1908	0.2251
virus	H3N2	A/Finland/170/2003	2003	34.3976	0.5872
virus	H3N2	A/Sofia/141/2003	2003	32.4757	1.9276
virus	H3N2	A/BadenWuerttemberg/38/2005	2005	36.4207	0.6435
virus	H3N2	A/Lyon/108/2005	2005	38.3384	0.3975
virus	H3N2	A/Lyon/636/2006	2006	38.4309	-1.4776
virus	H3N2	A/Ukraine/13/2006	2006	38.0016	-2.1005
virus	H3N2	A/Romania/802-03/2003	2003	34.7989	-0.9319
virus	H3N2	A/Paris/207/2002	2002	33.2070	1.1278
virus	H3N2	A/Lyon/1324/2006	2006	39.5538	-0.8545
virus	H3N2	A/Lyon/1331/2006	2006	39.1939	-0.4689
virus	H3N2	A/Lyon/1359/2006	2006	40.3210	-0.9641
virus	H3N2	A/Lyon/1292/2006	2006	38.0086	0.3152
virus	H3N2	A/Lyon/1313/2006	2006	39.1425	-0.0251
virus	H3N2	A/Toulon/1244/2006	2006	39.6724	-0.3204
virus	H3N2	A/Gunma/16/2005	2005	35.8601	3.3637
virus	H3N2	A/Ishikawa/102/2002	2002	33.8531	0.6141
virus	H3N2	A/Osaka/56/2004	2004	38.4493	-0.3525
virus	H3N2	A/Auckland/6/2003	2003	34.7110	-0.1569
virus	H3N2	A/ChristChurch/28/2003	2003	34.9774	0.0131
virus	H3N2	A/Wellington/1/2004	2004	36.0648	-0.1148
virus	H3N2	A/Beijing/51/2002	2002	34.7171	0.3165
virus	H3N2	A/Brisbane/5/2002	2002	33.5104	1.0485
virus	H3N2	A/Brisbane/6/2002	2002	32.2792	1.3758
virus	H3N2	A/NewCaledonia/6/2002	2002	32.6986	1.6009
virus	H3N2	A/Brisbane/7/2003	2003	35.0081	-0.9790
virus	H3N2	A/NewCaledonia/20/2003	2003	34.8168	-0.2474
virus	H3N2	A/Townsville/1/2003	2003	34.4816	-0.1424
virus	H3N2	A/Brisbane/3/2005	2005	36.4323	-6.0696e-6
virus	H3N2	A/Brisbane/9/2006	2006	39.1082	1.1545
virus	H3N2	A/NewYork/55/2004	2004	37.0675	0.5392
virus	H3N2	A/Wisconsin/19/2004	2004	36.9281	-0.0189
virus	H3N2	A/Wisconsin/68/2005	2005	38.0599	-0.6544
virus	H3N2	A/Montana/439520/2005	2005	37.4377	0.4032
virus	H3N2	A/Wyoming/2/2003	2003	33.2194	0.7266
virus	H3N2	A/Wyoming/3/2003	2003	34.8165	-0.4582
virus	H3N2	A/NorthDakota/1/2004	2004	36.7231	-0.8671
virus	H3N2	A/Washington/1/2004	2004	37.1034	0.1994
virus	H3N2	A/Wyoming/1/2006	2006	38.4964	-0.7774
virus	H3N2	A/Idaho/2008/2003	2003	34.0610	0.1414
virus	H3N2	A/Wyoming/0049/2005	2005	37.5141	0.6413
virus	H3N2	A/Peru/1296/2004	2004	36.1818	1.5343
virus	H3N2	A/Brazil/1742/2005	2005	37.3016	0.8823
virus	H3N2	A/Nepal/1646/2004	2004	36.6810	-0.6033
virus	H3N2	A/Nepal/921/2006	2006	38.7789	0.1593
virus	H3N2	A/SouthAustralia/102/2001	2001	33.9358	2.1475
virus	H3N2	A/Victoria/102/2003	2003	32.0240	1.0300
virus	H3N2	A/Victoria/110/2004	2004	34.9354	1.3814
virus	H3N2	A/Victoria/500/2004	2004	36.5025	0.4487
virus	H3N2	A/Victoria/523/2004	2004	36.9177	0.4251
virus	H3N2	A/Victoria/503/2006	2006	38.6741	0.1082
virus	H3N2	A/HongKong/2831/2005	2005	38.5397	-0.2940
virus	H3N2	A/HongKong/218/2006	2006	37.9306	-1.0172
virus	H3N2	A/HongKong/1550/2002	2002	32.3025	1.2179
virus	H3N2	A/Daejeon/390/2002	2002	33.4007	-1.8119
virus	H3N2	A/Pusan/504/2002	2002	34.8218	0.3542
virus	H3N2	A/Incheon/677/2006	2006	37.6848	-1.0739
virus	H3N2	A/Cheonnam/432/2002	2002	34.6937	0.3381
virus	H3N2	A/Korea/770/2002	2002	34.5325	0.6652
virus	H3N2	A/Philippines/472/2002	2002	33.7186	0.1154
virus	H3N2	A/Philippines/825/2003	2003	35.3965	-0.0997
virus	H3N2	A/Singapore/95/2003	2003	35.0694	-0.6274
virus	H3N2	A/Malaysia/1/2004	2004	36.3932	0.9579
virus	H3N2	A/Singapore/36/2004	2004	34.9902	1.8285
virus	H3N2	A/Singapore/37/2004	2004	37.0051	0.2809
virus	H3N2	A/Singapore/35/2005	2005	39.1400	1.6907
virus	H3N2	A/Singapore/38/2005	2005	36.9756	2.7104
virus	H3N2	A/Singapore/70/2005	2005	39.1100	-1.0167
virus	H3N2	A/Singapore/57/2006	2006	37.2495	-0.1604
virus	H3N2	A/Guam/228/2002	2002	33.8608	-0.1625
virus	H3N2	A/Philippines/1159050/2002	2002	31.3611	1.4400
virus	H3N2	A/Louisiana/4/2003	2003	34.4102	0.0339
virus	H3N2	A/Mississippi/5/2004	2004	36.7481	1.0451
virus	H3N2	A/Tennessee/6/2004	2004	37.1240	-0.8697
virus	H3N2	A/NorthCarolina/13/2005	2005	38.1971	0.3274
virus	H3N2	A/Florida/2/2006	2006	39.0044	-0.5629
virus	H3N2	A/Kentucky/3/2006	2006	38.8504	0.0682
virus	H3N2	A/Fukuoka/15/2002	2002	30.5570	1.3005
virus	H3N2	A/Kumamoto/102/2002	2002	34.3850	-0.4174
virus	H3N2	A/Hiroshima/39/2004	2004	36.3154	1.5941
virus	H3N2	A/Hiroshima/52/2005	2005	39.1386	1.2791
virus	H3N2	A/Okayama/29/2005	2005	38.2884	-1.3915
virus	H3N2	A/Kitakyushu/5/2006	2006	35.8691	-0.4443
virus	H3N2	A/Texas/40/2003	2003	34.2631	-0.4493
virus	H3N2	A/California/7/2004	2004	36.7466	-0.1429
virus	H3N2	A/Oklahoma/8/2004	2004	35.0834	0.0687
virus	H3N2	A/Texas/6/2004	2004	37.3376	-0.1648
virus	H3N2	A/California/20/2005	2005	38.5701	-0.1840
virus	H3N2	A/Bilthoven/15793/1968	1968	1.5937	-1.3766
virus	H3N2	A/Bilthoven/16190/1968	1968	1.7300	-1.5201
virus	H3N2	A/Bilthoven/16398/1968	1968	2.0966	-0.6504
virus	H3N2	A/Bilthoven/808/1969	1969	3.1892	-2.9361
virus	H3N2	A/Bilthoven/908/1969	1969	1.3280	0.3852
virus	H3N2	A/Bilthoven/17938/1969	1969	0.5590	-1.2717
virus	H3N2	A/Bilthoven/93/1970	1970	1.0717	-2.3491
virus	H3N2	A/Bilthoven/2668/1970	1970	1.9004	-3.6161
virus	H3N2	A/Bilthoven/6449/1971	1971	0.0321	-3.9136
virus	H3N2	A/Bilthoven/21438/1971	1971	1.8555	0.1832
virus	H3N2	A/Bilthoven/21801/1971	1971	2.8259	-1.3996
virus	H3N2	A/HongKong/107/1971	1971	0.8180	0.0372
virus	H3N2	A/Bilthoven/6022/1972	1972	3.6872	0.3848
virus	H3N2	A/Bilthoven/21793/1972	1972	5.4196	0.5797
virus	H3N2	A/Bilthoven/23290/1972	1972	5.5387	0.2751
virus	H3N2	A/Bilthoven/23337/1972	1972	5.3375	0.0062
virus	H3N2	A/Bilthoven/552/1973	1973	5.6115	2.0693
virus	H3N2	A/Bilthoven/748/1973	1973	5.6162	1.6470
virus	H3N2	A/Bilthoven/3517/1973	1973	4.9074	0.8316
virus	H3N2	A/PortChalmers/1/1973	1973	7.3674	-0.1507
virus	H3N2	A/Bilthoven/5146/1974	1974	5.7450	1.8212
virus	H3N2	A/Bilthoven/5930/1974	1974	5.2700	1.3977
virus	H3N2	A/Bilthoven/5931/1974	1974	5.6735	1.3689
virus	H3N2	A/Bilthoven/7398/1974	1974	5.3177	0.8160
virus	H3N2	A/Bilthoven/9459/1974	1974	5.8109	1.6214
virus	H3N2	A/Bilthoven/4273/1975	1975	5.7277	1.2292
virus	H3N2	A/Bilthoven/334/1975	1975	7.9207	-0.4395
virus	H3N2	A/Bilthoven/1843/1975	1975	7.5865	0.6545
virus	H3N2	A/Bilthoven/2600/1975	1975	5.9709	1.8129
virus	H3N2	A/Bilthoven/2813/1975	1975	5.3771	1.9650
virus	H3N2	A/Bilthoven/5168/1976	1976	9.6262	-2.1100
virus	H3N2	A/Bilthoven/1761/1976	1976	9.6949	-2.1260
virus	H3N2	A/Bilthoven/2271/1976	1976	10.6804	0.3143
virus	H3N2	A/Bilthoven/5029/1976	1976	9.7465	-2.5894
virus	H3N2	A/Bilthoven/5657/1976	1976	9.6749	-2.0932
virus	H3N2	A/Bilthoven/6545/1976	1976	9.5509	-2.1300
virus	H3N2	A/Amsterdam/1609/1977	1977	9.1892	-2.7432
virus	H3N2	A/Bilthoven/3895/1977	1977	9.5469	-1.6702
virus	H3N2	A/Rotterdam/5828/1977	1977	8.1598	-2.0651
virus	H3N2	A/Rotterdam/8179/1977	1977	9.1790	-1.9044
virus	H3N2	A/Netherlands/209/1980	1980	12.7474	0.2582
virus	H3N2	A/Rotterdam/577/1980	1980	12.6438	0.3823
virus	H3N2	A/Lyon/2380/1981	1981	14.2648	1.0643
virus	H3N2	A/Bilthoven/4791/1981	1981	14.0545	1.2428
virus	H3N2	A/Netherlands/241/1982	1982	12.9914	0.0741
virus	H3N2	A/Auckland/4382/1982	1982	14.1924	1.0569
virus	H3N2	A/Bilthoven/10684/1982	1982	14.0649	1.8286
virus	H3N2	A/Oslo/13676/1983	1983	14.4551	0.7540
virus	H3N2	A/Caen/1/1984	1984	15.5306	1.5135
virus	H3N2	A/Netherlands/330/1985	1985	14.2777	0.4309
virus	H3N2	A/Stockholm/10/1985	1985	15.1926	-0.4391
virus	H3N2	A/Wellington/4/1985	1985	15.7910	-0.2066
virus	H3N2	A/Netherlands/333/1985	1985	16.8586	1.4286
virus	H3N2	A/Guildford/V728/1985	1985	16.0354	0.6132
virus	H3N2	A/Colorado/2/1986	1986	14.7577	-0.3494
virus	H3N2	A/Leningrad/360/1986	1986	15.1786	-0.8143
virus	H3N2	A/Sichuan/2/1987	1987	17.8133	-1.9214
virus	H3N2	A/Victoria/7/1987	1987	17.8449	0.7531
virus	H3N2	A/Netherlands/450/1988	1988	18.9461	-1.6417
virus	H3N2	A/Oklahoma/5/1988	1988	17.8186	1.4942
virus	H3N2	A/Victoria/1/1988	1988	17.9918	1.8920
virus	H3N2	A/ChristChurch/2/1988	1988	15.2968	-0.9773
virus	H3N2	A/Stockholm/12/1988	1988	18.6165	-1.0357
virus	H3N2	A/England/427/1988	1988	19.0204	-2.3447
virus	H3N2	A/Atlanta/3572/1988	1988	18.0629	-1.4751
virus	H3N2	A/Netherlands/620/1989	1989	19.1662	-1.8980
virus	H3N2	A/England/138/1989	1989	18.7889	-1.4429
virus	H3N2	A/Eindhoven/3447/1989	1989	19.5008	-0.8954
virus	H3N2	A/Geneva/5007/1989	1989	19.1766	-2.1111
virus	H3N2	A/Waikato/1/1989	1989	20.2750	-1.2638
virus	H3N2	A/Guizhou/54/1989	1989	19.5112	-3.7780
virus	H3N2	A/HongKong/1/1989	1989	19.6505	-2.2855
virus	H3N2	A/Netherlands/650/1989	1989	19.2529	-2.6445
virus	H3N2	A/Netherlands/738/1989	1989	18.8537	-2.9743
virus	H3N2	A/Singapore/35/1989	1989	20.2484	-1.1200
virus	H3N2	A/Singapore/40/1989	1989	19.6299	-0.8604
virus	H3N2	A/Wellington/5/1989	1989	20.0543	-1.4710
virus	H3N2	A/Beijing/353/1989	1989	20.3920	1.5209
virus	H3N2	A/Atlanta/211/1989	1989	18.5268	0.3967
virus	H3N2	A/Singapore/34/1989	1989	19.8895	-1.8299
virus	H3N2	A/Singapore/36/1989	1989	19.9143	-2.0485
virus	H3N2	A/Singapore/53/1989	1989	19.4683	-1.6920
virus	H3N2	A/Victoria/1/1989	1989	18.1152	-3.0228
virus	H3N2	A/Victoria/2/1990	1990	20.2511	2.1993
virus	H3N2	A/Wellington/3/1990	1990	20.4551	2.4551
virus	H3N2	A/Memphis/2/1990	1990	19.6225	-2.0854
virus	H3N2	A/Seoul/1/1990	1990	20.6185	-1.6741
virus	H3N2	A/Memphis/5/1990	1990	19.0341	-0.6389
virus	H3N2	A/Shanghai/24/1990	1990	21.3356	-3.2264
virus	H3N2	A/Lyon/1149/1991	1991	21.5403	3.0668
virus	H3N2	A/Netherlands/891/1991	1991	20.1630	1.9966
virus	H3N2	A/Madrid/G12/1991	1991	19.3662	2.7561
virus	H3N2	A/Netherlands/816/1991	1991	20.1191	2.9916
virus	H3N2	A/Lyon/1182/1991	1991	21.4486	2.9463
virus	H3N2	A/Lyon/24222/1991	1991	21.3146	2.5403
virus	H3N2	A/Stockholm/20/1991	1991	20.1388	2.9810
virus	H3N2	A/Victoria/33/1992	1992	20.1767	2.2210
virus	H3N2	A/Madrid/G58/1992	1992	20.9637	2.1932
virus	H3N2	A/Nijmegen/3129/1992	1992	20.3326	1.9156
virus	H3N2	A/Netherlands/935/1992	1992	20.2219	2.1183
virus	H3N2	A/Paris/583/1992	1992	20.5025	2.5105
virus	H3N2	A/Paris/614/1992	1992	20.5134	3.5021
virus	H3N2	A/SouthAustralia/8/1992	1992	20.3661	3.4557
virus	H3N2	A/SouthAustralia/23/1992	1992	20.0910	3.2030
virus	H3N2	A/SouthAustralia/27/1992	1992	22.1447	2.6123
virus	H3N2	A/Stockholm/7/1992	1992	19.4780	2.2256
virus	H3N2	A/Paris/467/1992	1992	19.7597	1.9851
virus	H3N2	A/Tilburg/5957/1992	1992	20.6682	2.3164
virus	H3N2	A/Netherlands/938/1992	1992	21.9735	-3.9104
virus	H3N2	A/Sendai/C273/1992	1992	25.1583	-2.6986
virus	H3N2	A/Stockholm/12/1992	1992	24.5885	-2.6047
virus	H3N2	A/Stockholm/13/1992	1992	20.8121	2.9455
virus	H3N2	A/Umea/2000/1992	1992	21.1689	2.6123
virus	H3N2	A/Oviedo/31/1992	1992	20.2348	2.2087
virus	H3N2	A/Nijmegen/3126/1992	1992	21.4804	2.6196
virus	H3N2	A/Netherlands/823/1992	1992	21.1838	2.6978
virus	H3N2	A/Paris/320/1992	1992	20.1592	2.3479
virus	H3N2	A/Paris/325/1992	1992	20.6227	2.7617
virus	H3N2	A/Paris/407/1992	1992	20.3973	2.6324
virus	H3N2	A/Paris/424/1992	1992	20.8082	2.7851
virus	H3N2	A/Paris/457/1992	1992	20.2464	2.9019
virus	H3N2	A/Paris/490/1992	1992	21.1944	2.6551
virus	H3N2	A/Paris/512/1992	1992	21.2567	2.7408
virus	H3N2	A/Paris/548/1992	1992	21.6202	2.6210
virus	H3N2	A/Paris/564/1992	1992	20.8054	2.7193
virus	H3N2	A/Paris/597/1992	1992	20.8133	2.4292
virus	H3N2	A/Stockholm/8/1992	1992	21.6341	2.7704
virus	H3N2	A/Madrid/G102/1993	1993	24.8574	-2.9995
virus	H3N2	A/Madrid/G252/1993	1993	27.4506	-0.7220
virus	H3N2	A/Netherlands/241/1993	1993	26.6979	-2.9649
virus	H3N2	A/Akita/4/1993	1993	25.6612	-3.2319
virus	H3N2	A/Madrid/G109/1993	1993	25.9979	-3.0735
virus	H3N2	A/Madrid/G122/1993	1993	26.8169	-2.8596
virus	H3N2	A/Madrid/G130/1993	1993	23.8579	-3.1028
virus	H3N2	A/Netherlands/3/1993	1993	24.6027	-2.5961
virus	H3N2	A/Netherlands/101/1993	1993	23.9892	-3.2794
virus	H3N2	A/Netherlands/115/1993	1993	23.8161	-3.5146
virus	H3N2	A/Netherlands/126/1993	1993	23.4125	-4.0789
virus	H3N2	A/Shiga/6/1993	1993	26.2179	-2.7770
virus	H3N2	A/Yamagata/56/1993	1993	26.9378	-4.2642
virus	H3N2	A/Yamagata/61/1993	1993	26.5992	-4.3390
virus	H3N2	A/Yamagata/62/1993	1993	26.4488	-4.3054
virus	H3N2	A/Shandong/9/1993	1993	25.1516	-2.7625
virus	H3N2	A/Lyon/672/1993	1993	25.3010	-3.4096
virus	H3N2	A/Netherlands/371/1993	1993	26.3980	-3.1804
virus	H3N2	A/Oslo/2352/1993	1993	24.3573	-3.8406
virus	H3N2	A/Stockholm/20/1993	1993	26.6248	-2.2874
virus	H3N2	A/Guangdong/25/1993	1993	26.8413	-2.8884
virus	H3N2	A/HongKong/1/1994	1994	26.1395	-2.0150
virus	H3N2	A/HongKong/2/1994	1994	25.4109	-2.5020
virus	H3N2	A/HongKong/55/1994	1994	26.7596	-1.9251
virus	H3N2	A/HongKong/56/1994	1994	26.3559	-2.0956
virus	H3N2	A/SouthAustralia/15/1994	1994	26.7583	-2.3816
virus	H3N2	A/SouthAustralia/25/1994	1994	26.6608	-2.4076
virus	H3N2	A/England/7/1994	1994	28.1012	-0.7466
virus	H3N2	A/Johannesburg/47/1994	1994	26.1866	-3.2486
virus	H3N2	A/Netherlands/18/1994	1994	25.6392	-1.1743
virus	H3N2	A/Netherlands/1/1995	1995	26.8517	-3.0699
virus	H3N2	A/Finland/338/1995	1995	27.0888	0.1131
virus	H3N2	A/Geneva/AI9509/1995	1995	26.6106	0.2745
virus	H3N2	A/HongKong/32/1995	1995	26.8904	-2.8113
virus	H3N2	A/Finland/339/1995	1995	28.5169	-1.1901
virus	H3N2	A/HongKong/3/1995	1995	25.8648	-1.2881
virus	H3N2	A/Finland/381/1995	1995	28.3665	-1.1952
virus	H3N2	A/HongKong/38/1995	1995	26.7947	-1.4599
virus	H3N2	A/HongKong/49/1995	1995	28.2232	-0.4804
virus	H3N2	A/HongKong/55/1995	1995	26.2596	0.5664
virus	H3N2	A/Lyon/2279/1995	1995	28.6926	-0.8701
virus	H3N2	A/Nanchang/933/1995	1995	26.6181	0.6504
virus	H3N2	A/Netherlands/271/1995	1995	28.1582	-0.1693
virus	H3N2	A/Victoria/75/1995	1995	26.2646	-1.3300
virus	H3N2	A/Brisbane/8/1996	1996	28.6163	2.0923
virus	H3N2	A/Geneva/3958/1996	1996	27.8956	1.3724
virus	H3N2	A/HongKong/20/1996	1996	27.9282	1.5448
virus	H3N2	A/HongKong/42/1996	1996	27.4364	-2.6400
virus	H3N2	A/HongKong/357/1996	1996	27.3510	1.2271
virus	H3N2	A/HongKong/358/1996	1996	27.6721	1.2872
virus	H3N2	A/HongKong/434/1996	1996	27.2963	-3.4686
virus	H3N2	A/Netherlands/91/1996	1996	27.6259	-2.2942
virus	H3N2	A/Singapore/1/1996	1996	27.2395	2.3022
virus	H3N2	A/Lyon/1781/1996	1996	26.6308	1.2928
virus	H3N2	A/HongKong/1/1997	1997	26.3899	1.6500
virus	H3N2	A/Nice/491/1997	1997	28.7636	1.1515
virus	H3N2	A/Auckland/10/1997	1997	32.6080	1.4031
virus	H3N2	A/HongKong/280/1997	1997	26.5015	2.4363
virus	H3N2	A/Netherlands/300/1997	1997	31.0646	3.1845
virus	H3N2	A/Johannesburg/10/1997	1997	26.2791	1.4278
virus	H3N2	A/Oslo/21/1997	1997	26.5450	1.6858
virus	H3N2	A/Oslo/244/1997	1997	26.7535	2.0249
virus	H3N2	A/Netherlands/5/1998	1998	27.0023	0.8354
virus	H3N2	A/Netherlands/414/1998	1998	31.1443	2.1954
virus	H3N2	A/Netherlands/462/1998	1998	31.9317	2.6464
virus	H3N2	A/Netherlands/427/1998	1998	32.4607	1.6117
virus	H3N2	A/Moscow/10/1999	1999	31.5545	0.9407
virus	H3N2	A/Netherlands/301/1999	1999	31.6029	1.1905
virus	H3N2	A/Panama/2007/1999	1999	32.3978	1.6870
virus	H3N2	A/Netherlands/3/2000	2000	31.7308	1.3005
virus	H3N2	A/Netherlands/118/2001	2001	31.8115	1.0592
virus	H3N2	A/Netherlands/126/2001	2001	31.8810	0.6101
virus	H3N2	A/Netherlands/124/2001	2001	32.0795	0.0890
virus	H3N2	A/Netherlands/1/2002	2002	32.0679	-0.1661
virus	H3N2	A/Netherlands/22/2003	2003	34.8842	-1.6922
virus	H3N2	A/England/392/2008	2008	41.6907	1.1329
virus	H3N2	A/Paris/458/2008	2008	38.8621	1.2174
virus	H3N2	A/Singapore/N593/2008	2008	39.3392	0.6496
virus	H3N2	A/Sweden/3/2008	2008	39.6543	-0.2099
virus	H3N2	A/England/687/2008	2008	39.7998	0.5456
virus	H3N2	A/Seoul/4436/2008	2008	40.7087	0.6539
virus	H3N2	A/Switzerland/1409281/2008	2008	39.9189	0.5028
virus	H3N2	A/Poitiers/1341/2008	2008	39.7072	1.1324
virus	H3N2	A/Tanger/533/2009	2009	39.3537	0.4418
virus	H3N2	A/Torino/14/2008	2008	38.5624	1.0313
virus	H3N2	A/Algeria/G202/2009	2009	40.2177	0.7052
virus	H3N2	A/Finland/9/2008	2008	41.1934	2.7867
virus	H3N2	A/HongKong/1952/2009	2009	44.6145	-0.0919
virus	H3N2	A/HongKong/1985/2009	2009	44.2098	0.1718
virus	H3N2	A/Wisconsin/15/2009	2009	45.2621	0.1988
virus	H3N2	A/Cameroon/675/2009	2009	43.4126	-1.4954
virus	H3N2	A/HongKong/34430/2009	2009	44.0344	-0.3465
virus	H3N2	A/HongKong/26560/2009	2009	44.8757	1.8004
virus	H3N2	A/Philippines/2191/2009	2009	45.9420	0.5910
virus	H3N2	A/Sweden/2/2009	2009	43.7417	0.3858
virus	H3N2	A/Stockholm/89/2009	2009	42.4731	0.0288
virus	H3N2	A/Umea/4/2009	2009	44.0518	-0.0533
virus	H3N2	A/Norway/3789/2009	2009	42.7198	-2.3287
virus	H3N2	A/Norway/3790/2009	2009	42.7717	-2.7685
virus	H3N2	A/Stockholm/112/2009	2009	43.1653	-1.3172
virus	H3N2	A/Israel/22/2009	2009	42.5091	-2.1774
virus	H3N2	A/Israel/24/2009	2009	42.4626	-1.9340
virus	H3N2	A/Israel/26/2009	2009	42.1368	-2.2233
virus	H3N2	A/NordrheinWestfalen/1/2010	2010	44.8538	0.0161
virus	H3N2	A/Lyon/Cx-R/3120/2009	2009	42.6478	-1.4371
virus	H3N2	A/Victoria/208/2009	2009	43.3462	0.0632
virus	H3N2	A/Victoria/210/2009	2009	43.3619	-0.5842
virus	H3N2	A/Stockholm/18/2011	2011	44.4625	1.7973
virus	H3N2	A/Iowa/19/2010	2010	44.2680	0.1918
virus	H3N2	A/Bratislava/31/2011	2011	45.2803	0.7082
virus	H3N2	A/HongKong/3969/2011	2011	46.0302	1.2322
virus	H3N2	A/Sofia/319/2007	2007	38.5186	0.0156
virus	H3N2	A/Serres/77/2007	2007	38.4398	0.0712
virus	H3N2	A/Texas/37/2007	2007	39.4914	-0.2209
virus	H3N2	A/Nevada/5/2007	2007	40.1459	1.5087
virus	H3N2	A/Taiwan/760/2007	2007	41.3921	0.4670
virus	H3N2	A/Lyon/1381/2007	2007	41.3452	-0.2513
virus	H3N2	A/Stockholm/1/2010	2010	44.6426	0.7169
virus	H3N2	A/Stockholm/2/2010	2010	43.1550	1.0760
virus	H3N2	A/Brisbane/11/2010	2010	43.6722	3.7394
virus	H3N2	A/Alaska/5/2010	2010	43.2763	0.5259
virus	H3N2	A/Guadeloupe/202/2010	2010	45.5539	1.0097
virus	H3N2	A/Uppsala/3/2011	2011	46.3380	0.8504
virus	H3N2	A/Montana/5/2011	2011	46.2276	1.1394
virus	H3N2	A/SouthAustralia/3/2011	2011	47.2552	1.4588
virus	H3N2	A/Sakai/20/2011	2011	45.8687	0.8342
virus	H3N2	A/Bangladesh/5071/2011	2011	47.1282	2.3379
virus	H3N2	A/Johannesburg/113/2011	2011	45.7722	0.6294
virus	H3N2	A/Johannesburg/114/2011	2011	44.8518	0.6044
virus	H3N2	A/Johannesburg/73/2011	2011	46.7509	1.8285
virus	H3N2	A/Durban/92/2011	2011	44.4855	1.4592
virus	H3N2	A/Johannesburg/78/2011	2011	45.8651	1.5283
virus	H3N2	A/Johannesburg/79/2011	2011	44.6522	0.8524
virus	H3N2	A/Johannesburg/94/2011	2011	45.1051	0.9697
virus	H3N2	A/Johannesburg/99/2011	2011	45.1795	0.4410
virus	H3N2	A/Johannesburg/107/2011	2011	45.3890	1.3109
virus	H3N2	A/Johannesburg/153/2011	2011	45.3548	0.6113
virus	H3N2	A/Norway/1762/2011	2011	47.2763	2.0283
virus	H3N2	A/Norway/1775/2011	2011	44.7963	1.4197
virus	H3N2	A/Toulouse/878/2001	2001	32.6785	1.0526
virus	H3N2	A/Singapore/15/2001	2001	32.5711	0.0552
virus	H3N2	A/HongKong/734/2001	2001	32.2268	0.5404
virus	H1N1	A/Arizona/14/1978	1978	0.4067	1.6989
virus	H1N1	A/Brazil/11/1978	1978	0.5684	-0.0009
virus	H1N1	A/Lackland/3/1978	1978	2.7570	2.8295
virus	H1N1	A/USSR/90/1977	1977	-0.7066	0.0205
virus	H1N1	A/California/45/1978	1978	1.1042	1.6241
virus	H1N1	A/Lackland/7/1978	1978	0.2894	0.8592
virus	H1N1	A/Bayern/7/1995	1995	9.8581	-1.1527
virus	H1N1	A/Beijing/262/1995	1995	14.2606	1.6055
virus	H1N1	A/Chile/1/1983	1983	2.3745	-1.6915
virus	H1N1	A/Denmark/56/2003	2003	14.4448	-1.1722
virus	H1N1	A/Egypt/96/2002	2002	15.9650	0.3653
virus	H1N1	A/England/2/2002	2002	15.4445	0.5063
virus	H1N1	A/HongKong/1252/2000	2000	17.1493	-1.6759
virus	H1N1	A/Johannesburg/5/2002	2002	16.0801	0.7481
virus	H1N1	A/Johannesburg/82/1996	1996	8.9746	-1.6401
virus	H1N1	A/Latvia/686/2002	2002	16.6823	1.0355
virus	H1N1	A/Madagascar/57794/2000	2000	14.8884	-0.3272
virus	H1N1	A/NewCaledonia/20/1999	1999	16.2058	0.4410
virus	H1N1	A/Peru/1621/1999	1999	15.4087	2.6879
virus	H1N1	A/Peru/1798/1999	1999	15.2160	2.3875
virus	H1N1	A/RheinlandPfalz/34/2003	2003	16.0368	0.0782
virus	H1N1	A/Singapore/6/1986	1986	8.7709	-0.8534
virus	H1N1	A/Stockholm/13/2002	2002	15.5310	0.4877
virus	H1N1	A/StPetersburg/49/2003	2003	15.8173	0.4473
virus	H1N1	A/Switzerland/3100/2002	2002	15.7978	1.3042
virus	H1N1	A/Taiwan/1/1986	1986	8.7620	-1.0107
virus	H1N1	A/Texas/36/1991	1991	8.7439	0.1181
virus	H1N1	A/Bangkok/1544/2004	2004	17.7392	0.0668
virus	H1N1	A/Dakar/88/2003	2003	17.5744	-0.8392
virus	H1N1	A/Denmark/22/2005	2005	15.9808	1.1393
virus	H1N1	A/Denmark/3/2005	2005	17.9316	1.3826
virus	H1N1	A/Denmark/86/2003	2003	16.6406	0.0620
virus	H1N1	A/Egypt/136/2005	2005	17.4031	0.4583
virus	H1N1	A/Florida/4/2004	2004	16.4660	1.1163
virus	H1N1	A/HongKong/35/2006	2006	16.8928	1.6630
virus	H1N1	A/HongKong/4580/2004	2004	16.6526	0.7088
virus	H1N1	A/HongKong/4596/2004	2004	16.4035	1.1408
virus	H1N1	A/HongKong/4922/2005	2005	17.5014	0.4779
virus	H1N1	A/HongKong/948/2006	2006	17.1843	1.8423
virus	H1N1	A/Hungary/2/2003	2003	17.2353	0.7442
virus	H1N1	A/Iceland/123/2003	2003	16.9354	-0.2051
virus	H1N1	A/Johannesburg/28/2005	2005	16.2875	1.3855
virus	H1N1	A/Johannesburg/452/2005	2005	15.9636	0.8877
virus	H1N1	A/Morocco/275/2004	2004	17.5368	0.3459
virus	H1N1	A/Netherlands/128/2004	2004	17.1159	1.6183
virus	H1N1	A/Poitiers/2168/2003	2003	17.1999	-0.0582
virus	H1N1	A/Reunion/1409/2003	2003	17.7541	0.1257
virus	H1N1	A/Shenzhen/227/1995	1995	10.4355	1.6256
virus	H1N1	A/Thessaloniki/24/2005	2005	16.5142	1.2021
virus	H1N1	A/England/333/1980	1980	1.8273	-0.5697
virus	H1N1	A/India/6263/1980	1980	2.8542	-0.3626
virus	H1N1	A/Annecy/2013/2009	2009	21.6501	0.5917
virus	H1N1	A/Berlin/59/2008	2008	20.3210	0.4068
virus	H1N1	A/Brisbane/59/2007	2007	20.6811	-1.4306
virus	H1N1	A/Egypt/10/2007	2007	19.7574	-0.9895
virus	H1N1	A/Finland/4/2007	2007	18.9212	0.8505
virus	H1N1	A/Fukushima/141/2006	2006	19.3526	-1.5001
virus	H1N1	A/Ghana/2/2008	2008	21.1920	0.1304
virus	H1N1	A/Ghana/9/2008	2008	19.9228	0.2368
virus	H1N1	A/Ghana/152/2008	2008	19.6152	0.6867
virus	H1N1	A/Ghana/163/2008	2008	19.8959	0.7211
virus	H1N1	A/Ghana/FS-09-718/2009	2009	20.1859	1.6206
virus	H1N1	A/Ghana/FS-09-791/2009	2009	19.9625	1.4854
virus	H1N1	A/Gyeonggibuk/4500/2008	2008	21.9849	-1.0526
virus	H1N1	A/HongKong/18106/2009	2009	23.2303	1.2694
virus	H1N1	A/HongKong/1856/2008	2008	19.7414	0.3398
virus	H1N1	A/HongKong/1870/2008	2008	20.8250	-0.8588
virus	H1N1	A/HongKong/1988/2009	2009	20.6131	1.4074
virus	H1N1	A/HongKong/2652/2006	2006	20.2921	-0.8409
virus	H1N1	A/HongKong/3176/2008	2008	21.1201	0.4087
virus	H1N1	A/HongKong/33597/2009	2009	22.6787	1.8423
virus	H1N1	A/HongKong/34079/2009	2009	23.0592	1.5872
virus	H1N1	A/Iceland/8064/2009	2009	18.2482	1.7580
virus	H1N1	A/Iceland/8599/2009	2009	21.4606	-0.0269
virus	H1N1	A/Incheon/4532/2008	2008	21.4491	-0.0136
virus	H1N1	A/Madagascar/2121/2007	2007	16.7839	1.2840
virus	H1N1	A/Madagascar/6054/2009	2009	23.0229	0.3415
virus	H1N1	A/Madagascar/6081/2009	2009	22.8305	0.9888
virus	H1N1	A/Marrakech/510/2009	2009	21.8739	0.5607
virus	H1N1	A/Marseille/1148/2009	2009	22.3011	-0.6072
virus	H1N1	A/Mauritius/403/2008	2008	20.5046	0.6176
virus	H1N1	A/Menya/1386/2009	2009	22.9445	2.2622
virus	H1N1	A/Minsk/179/2008	2008	20.9873	1.4209
virus	H1N1	A/Montpellier/2051/2009	2009	21.9116	0.4586
virus	H1N1	A/Moscow/2/2009	2009	19.6788	0.7506
virus	H1N1	A/Netherlands/345/2007	2007	19.2190	0.5715
virus	H1N1	A/Paraguay/61/2009	2009	19.4088	0.6642
virus	H1N1	A/Paris/577/2007	2007	20.7258	1.0875
virus	H1N1	A/Paris/781/2008	2008	20.3477	1.0223
virus	H1N1	A/Perth/200/2008	2008	20.9080	-0.3664
virus	H1N1	A/Rabat/109/2009	2009	21.9463	1.1466
virus	H1N1	A/Seychelles/2239/2008	2008	20.7232	0.4973
virus	H1N1	A/Singapore/10/2009	2009	20.9418	0.8432
virus	H1N1	A/SolomonIslands/3/2006	2006	19.2555	0.0464
virus	H1N1	A/SouthDakota/6/2007	2007	21.1712	0.0581
virus	H1N1	A/StPetersburg/12/2008	2008	20.3874	-1.4095
virus	H1N1	A/StPetersburg/5/2008	2008	20.2822	-0.5231
virus	H1N1	A/Wisconsin/13/2009	2009	18.7737	-0.8753
virus	H1N1	A/Zagreb/1982/2008	2008	20.0186	-0.3612
virus	H1N1	A/Siena/10/1989	1989	7.2941	-0.3376
virus	H1N1	A/Siena/9/1989	1989	7.9760	-1.1562
virus	H1N1	A/HongKong/2387/2007	2007	20.8565	0.4578
virus	H1N1	A/HongKong/2613/2007	2007	19.9007	0.5051
virus	H1N1	A/Incheon/2647/2007	2007	21.8584	0.9865
virus	H1N1	A/Johannesburg/141/2007	2007	21.2684	-0.4834
virus	H1N1	A/Johannesburg/67/2007	2007	20.4655	-1.3474
virus	H1N1	A/Mauritius/543/2007	2007	20.2868	-1.6980
virus	H1N1	A/Pennsylvania/1/2007	2007	16.7147	1.0036
virus	H1N1	A/Peru/1169/2007	2007	19.6211	-2.1697
virus	H1N1	A/StPetersburg/10/2007	2007	17.8653	2.4170
virus	H1N1	A/Texas/5/2007	2007	20.9958	0.6455
virus	H1N1	A/Tula/5/2007	2007	16.8139	1.4453
virus	H1N1	A/Ulaanbaatar/116/2007	2007	21.2220	-0.6888
virus	H1N1	A/Ulaanbaatar/2212/2007	2007	20.5139	-0.7625
virus	H1N1	A/USSR/92/1977	1977	0.0578	0.3584
virus	Vic	B/AnnArbor/1/1986	1986	-0.1058	0.0944
virus	Vic	B/Beijing/1/1987	1987	-0.8877	-1.0881
virus	Vic	B/Victoria/2/1987	1987	4.0879	1.1552
virus	Vic	B/Aichi/5/1988	1988	1.3396	1.5172
virus	Vic	B/Texas/37/1988	1988	1.2163	0.5425
virus	Vic	B/Ohio/10/1988	1988	1.2242	0.4952
virus	Vic	B/Chengdu/54/1988	1988	0.3880	1.1054
virus	Vic	B/Osaka/c19/1993	1993	2.9021	2.1215
virus	Vic	B/Guangdong/5/1994	1994	3.4515	-0.6452
virus	Vic	B/Kagoshima/15/1994	1994	3.7774	0.2712
virus	Vic	B/Osaka/491/1997	1997	4.8812	-3.3319
virus	Vic	B/Shandong/7/1997	1997	6.3201	-0.2614
virus	Vic	B/Beijing/243/1997	1997	4.9248	-0.6905
virus	Vic	B/HongKong/335/2001	2001	4.6622	-1.4124
virus	Vic	B/HongKong/330/2001	2001	5.4941	-0.3816
virus	Vic	B/HongKong/22/2001	2001	6.5833	-0.3745
virus	Vic	B/Oman/16296/2001	2001	4.7567	-0.9737
virus	Vic	B/Philippines/5072/2001	2001	5.6705	-0.9878
virus	Vic	B/Malaysia/83077/2001	2001	5.0702	-0.0158
virus	Vic	B/India/7600/2001	2001	4.7454	-0.2866
virus	Vic	B/Tehran/80/2002	2002	6.1768	0.2906
virus	Vic	B/Brisbane/32/2002	2002	5.8252	-0.4895
virus	Vic	B/Dakar/31/2002	2002	5.9254	-0.1838
virus	Vic	B/Milano/5/2002	2002	5.2349	-0.9615
virus	Vic	B/Parma/28/2002	2002	5.8654	-1.2564
virus	Vic	B/Genova/2/2002	2002	5.3072	-2.2508
virus	Vic	B/Trieste/28/2002	2002	4.1228	-0.9143
virus	Vic	B/HongKong/1351/2002	2002	5.3637	0.0857
virus	Vic	B/NewYork/1/2002	2002	6.0723	-0.8659
virus	Vic	B/Trieste/1/2003	2003	7.1038	-1.0539
virus	Vic	B/Roma/3/2003	2003	6.0023	-0.3806
virus	Vic	B/Barcelona/215/2003	2003	5.3864	-0.0380
virus	Vic	B/Lipetsk/17/2003	2003	6.8202	-0.8507
virus	Vic	B/Geneva/5079/2003	2003	6.1648	0.0388
virus	Vic	B/Cheju/303/2003	2003	7.2918	-0.6630
virus	Vic	B/Parma/1/2003	2003	6.0599	-0.8904
virus	Vic	B/Roma/1/2003	2003	6.8247	-0.3237
virus	Vic	B/Roma/2/2003	2003	7.5446	0.7030
virus	Vic	B/Hawaii/13/2004	2004	5.2284	-1.7019
virus	Vic	B/Phitsanulok/2053/2004	2004	7.6464	-1.7293
virus	Vic	B/Malaysia/2506/2004	2004	6.4821	-0.0500
virus	Vic	B/Parma/2/2004	2004	5.3019	0.1745
virus	Vic	B/Parma/3/2004	2004	8.2978	-0.6002
virus	Vic	B/HongKong/45/2005	2005	5.9567	-1.4549
virus	Vic	B/Khabarovsk/14/2005	2005	7.4899	-0.7825
virus	Vic	B/Lisbon/32/2005	2005	7.8596	-1.6533
virus	Vic	B/Romania/700/2005	2005	8.0602	-0.7559
virus	Vic	B/Turkey/389/2005	2005	6.8537	-0.3465
virus	Vic	B/Illinois/13/2005	2005	5.7167	-0.4449
virus	Vic	B/Victoria/505/2005	2005	6.2902	-0.1823
virus	Vic	B/Johannesburg/27/2005	2005	8.1874	-0.4094
virus	Vic	B/Johannesburg/403/2005	2005	8.8549	-1.8103
virus	Vic	B/StPetersburg/17/2006	2006	6.3286	0.4400
virus	Vic	B/HongKong/809/2006	2006	7.4941	-2.9105
virus	Vic	B/NewCaledonia/5/2006	2006	7.7043	0.7943
virus	Vic	B/Victoria/304/2006	2006	6.5073	0.1237
virus	Vic	B/Perth/1/2006	2006	8.0545	-2.6276
virus	Vic	B/Bangladesh/5278/2006	2006	4.8409	1.1715
virus	Vic	B/Texas/39/2006	2006	7.0104	-1.9589
virus	Vic	B/Madagascar/2866/2006	2006	6.4756	-1.1037
virus	Vic	B/Pennsylvania/5/2007	2007	7.0613	0.3652
virus	Vic	B/HongKong/121/2007	2007	7.7571	-3.0737
virus	Vic	B/Osaka/16/2007	2007	6.8299	-1.8515
virus	Vic	B/Odessa/394/2007	2007	8.0642	2.1205
virus	Vic	B/Khabarovsk/26/2007	2007	7.7378	-1.8554
virus	Vic	B/Tula/3/2007	2007	8.5128	0.1616
virus	Vic	B/Astrakhan/88/2007	2007	8.1021	-0.9526
virus	Vic	B/Johannesburg/18/2007	2007	8.1591	-1.8650
virus	Vic	B/Victoria/500/2007	2007	9.8712	-1.2806
virus	Vic	B/Johannesburg/150/2007	2007	10.0347	-1.9000
virus	Vic	B/Hiroshima/320/2007	2007	6.9237	-2.1291
virus	Vic	B/Egypt/80/2007	2007	6.0490	0.6300
virus	Vic	B/Jiangxi/1792/2007	2007	8.1812	0.3897
virus	Vic	B/HongKong/998/2008	2008	8.9523	-2.3715
virus	Vic	B/Hubei/1146/2008	2008	11.2438	0.7678
virus	Vic	B/England/393/2008	2008	9.3334	0.9197
virus	Vic	B/Brisbane/60/2008	2008	9.1166	0.5257
virus	Vic	B/Brisbane/33/2008	2008	9.5944	0.8569
virus	Vic	B/Texas/26/2008	2008	9.0394	-0.8437
virus	Vic	B/Bayern/36/2008	2008	10.7664	-1.1260
virus	Vic	B/Iwate/17/2009	2009	4.5553	-3.3212
virus	Vic	B/Hubei/37/2009	2009	7.5432	-0.4422
virus	Vic	B/Belgrade/1094/2009	2009	5.2977	-2.7735
virus	Vic	B/Singapore/21/2009	2009	3.2244	-1.5399
virus	Vic	B/HongKong/235/2009	2009	2.5334	-2.6755
virus	Vic	B/Okinawa/10/2009	2009	11.7959	0.0250
virus	Vic	B/Sabac/1232/2009	2009	10.8051	-0.8986
virus	Vic	B/Norway/1474/2009	2009	11.5504	0.7854
virus	Vic	B/Madagascar/4254/2009	2009	11.3039	-1.6232
virus	Vic	B/Mauritius/515/2009	2009	13.0027	1.5782
virus	Vic	B/Aichi/3/1998	1998	0.3922	-2.1534
virus	Vic	B/Nagasaki/1/1987	1987	6.0400	-1.2497
virus	Vic	B/Aichi/15/1997	1997	6.2429	-0.3270
virus	Vic	B/Aichi/20/1999	1999	5.2909	-3.9845
virus	Vic	B/Mauritius/219/2002	2002	6.2513	-0.8593
virus	Vic	B/Genoa/55/2002	2002	6.0986	-1.2731
virus	Vic	B/Genoa/33/2002	2002	5.0150	-1.9954
virus	Vic	B/Taiwan/14/2004	2004	6.9355	-2.1306
virus	Vic	B/Taiwan/39/2004	2004	2.9968	0.5199
virus	Vic	B/Taiwan/61/2004	2004	7.7679	-2.9957
virus	Vic	B/Taiwan/74/2004	2004	6.6423	0.5336
virus	Vic	B/Taiwan/75/2004	2004	6.6100	-3.2716
virus	Vic	B/HongKong/1434/2002	2002	5.2720	-1.1420
virus	Vic	B/Hawaii/33/2004	2004	6.4625	-0.7460
virus	Vic	B/Ohio/1/2005	2005	6.3818	-0.1282
virus	Vic	B/Nepal/1120/2005	2005	3.8041	-0.2746
virus	Vic	B/Nepal/1139/2005	2005	5.4561	0.4760
virus	Vic	B/Nepal/1087/2005	2005	6.4223	-0.6925
virus	Vic	B/Nepal/1090/2005	2005	6.4140	-1.1744
virus	Vic	B/Nepal/1092/2005	2005	6.6146	-1.2057
virus	Vic	B/Nepal/1101/2005	2005	7.5121	-0.0338
virus	Vic	B/Nepal/1118/2005	2005	7.1683	-1.1491
virus	Vic	B/Nepal/1122/2005	2005	5.5576	0.9785
virus	Vic	B/Nepal/1131/2005	2005	6.5027	-0.6087
virus	Vic	B/Nepal/1136/2005	2005	5.1297	-1.2697
virus	Vic	B/Johannesburg/449/2006	2006	5.8398	0.5440
virus	Vic	B/Sydney/12/2006	2006	5.8798	0.0703
virus	Vic	B/Philippines/1506/2006	2006	8.2678	-2.0778
virus	Vic	B/Wellington/1/2006	2006	8.6586	-0.1345
virus	Vic	B/Perth/14/2006	2006	7.5735	-2.7879
virus	Vic	B/Johannesburg/508/2006	2006	8.9724	1.2914
virus	Vic	B/Laos/1232/2009	2009	4.3840	-4.1915
virus	Vic	B/Madagascar/6945/2009	2009	11.3892	-2.6538
virus	Vic	B/Madagascar/7002/2009	2009	12.3480	-2.4871
virus	Vic	B/HongKong/514/2009	2009	12.2135	-1.2751
virus	Vic	B/Stockholm/8/2009	2009	11.4639	-1.0633
virus	Vic	B/Stockholm/1/2010	2010	12.6074	-2.6392
virus	Vic	B/Wellington/85/2006	2006	6.9835	-0.8104
virus	Vic	B/Sydney/88/2006	2006	7.6534	-0.3482
virus	Vic	B/Brazil/2937/2008	2008	8.4309	-0.2421
virus	Vic	B/HongKong/90/2008	2008	6.4468	-0.7756
virus	Vic	B/Fujian/1272/2008	2008	6.2742	-0.0590
virus	Vic	B/Texas/34/2008	2008	9.5682	-1.1777
virus	Vic	B/Uruguay/12/2008	2008	9.4709	-2.4931
virus	Vic	B/Wisconsin/27/2008	2008	8.2924	-2.4890
virus	Vic	B/Florida/16/2008	2008	9.0887	-2.6228
virus	Vic	B/Hubei/51/2008	2008	5.2474	-0.6755
virus	Vic	B/Yunnan/1491/2008	2008	8.0263	0.6955
virus	Vic	B/Paris/1762/2009	2009	11.7494	-1.6070
virus	Vic	B/Missouri/1/2009	2009	12.1086	-0.4585
virus	Vic	B/Stockholm/2/2010	2010	11.3651	-0.9031
virus	Vic	B/Odessa/3886/2010	2010	12.2917	-1.9983
virus	Vic	B/Stockholm/3/2010	2010	12.2466	-1.0174
virus	Vic	B/Milano/34/2010	2010	11.6387	-2.2222
virus	Vic	B/Milano/36/2010	2010	11.9257	-3.3841
virus	Vic	B/Stockholm/5/2010	2010	12.7898	-2.4081
virus	Vic	B/Yamaguchi/1/2010	2010	13.8631	-0.6503
virus	Vic	B/Norway/459/2010	2010	13.1489	-1.7809
virus	Vic	B/Moscow/1/2010	2010	13.1438	-1.4096
virus	Vic	B/Moscow/9/2010	2010	11.8040	-1.0596
virus	Vic	B/Moscow/18/2010	2010	11.2993	0.7839
virus	Vic	B/Taiwan/11/2010	2010	10.9042	0.4602
virus	Vic	B/Panama/307237/2010	2010	9.9050	0.3204
virus	Vic	B/Slovakia/1731/2010	2010	12.0937	-1.6222
virus	Vic	B/Tehran/5277/2010	2010	12.0489	-0.3341
virus	Vic	B/Hiroshima/9/2010	2010	11.0110	-1.3350
virus	Vic	B/Stockholm/7/2010	2010	10.9383	-2.2091
virus	Vic	B/Stockholm/9/2010	2010	11.0331	-2.1324
virus	Vic	B/Stockholm/10/2010	2010	11.4139	-2.8407
virus	Vic	B/Agadir/156/2011	2011	11.7219	-1.0857
virus	Vic	B/Voronezh/20/2011	2011	12.5690	-0.6067
virus	Vic	B/Malta/636714/2011	2011	10.7701	1.1314
virus	Vic	B/Cambodia/30/2011	2011	6.6800	0.5207
virus	Vic	B/Santiago/6025/2011	2011	10.5889	0.6320
virus	Vic	B/Nevada/3/2011	2011	10.2543	0.4620
virus	Vic	B/Shanghai/1392/2011	2011	9.2960	-1.8956
virus	Vic	B/AixEnProvence/1795/2011	2011	12.1199	-2.2750
virus	Vic	B/Norway/2368/2011	2011	11.2536	-2.0360
virus	Vic	B/HongKong/1129/2011	2011	14.7937	-3.1069
virus	Vic	B/Norway/2429/2011	2011	12.1277	-2.4820
virus	Vic	B/HongKong/1153/2011	2011	14.7830	-2.1414
virus	Vic	B/Denmark/22/2011	2011	9.9210	-0.2426
virus	Vic	B/Denmark/16/2011	2011	13.8305	-1.6323
virus	Vic	B/Denmark/21/2011	2011	10.3036	-0.8522
virus	Vic	B/Denmark/24/2011	2011	9.7601	-1.5257
virus	Vic	B/Denmark/23/2011	2011	9.6141	-0.6901
virus	Vic	B/DominicanRepublic/5486/2011	2011	8.2840	1.2340
virus	Vic	B/Tokyo/91107/2011	2011	13.4802	-2.8387
virus	Vic	B/Switzerland/5632623/2011	2011	11.8685	-3.3137
virus	Yam	B/Shanghai/12/1987	1987	-0.1324	0.9314
virus	Yam	B/Yamagata/16/1988	1988	0.1947	0.3324
virus	Yam	B/Taiwan/7/1988	1988	-0.0934	-0.2141
virus	Yam	B/HongKong/14/1988	1988	1.3408	-0.7470
virus	Yam	B/Singapore/7/1988	1988	0.8657	0.3755
virus	Yam	B/HongKong/22/1989	1989	0.8353	-1.4664
virus	Yam	B/Bangkok/163/1990	1990	0.8405	-2.5287
virus	Yam	B/Panama/45/1990	1990	1.5088	0.1084
virus	Yam	B/Mie/1/1993	1993	2.6577	0.5642
virus	Yam	B/Beijing/184/1993	1993	2.1427	0.9348
virus	Yam	B/Tokushima/101/1993	1993	2.5442	-3.2422
virus	Yam	B/Harbin/7/1994	1994	3.6585	0.6452
virus	Yam	B/Kobe/1/1994	1994	2.3280	-0.1858
virus	Yam	B/Hebei/3/1994	1994	4.5530	0.1313
virus	Yam	B/Hebei/19/1994	1994	4.9782	0.3216
virus	Yam	B/Tokyo/942/1996	1996	3.4550	-1.3293
virus	Yam	B/Sichuan/379/1999	1999	4.6246	0.8304
virus	Yam	B/Aichi/1/1991	1991	2.5740	-1.4008
virus	Yam	B/Lusaka/270/1999	1999	3.0410	-0.7947
virus	Yam	B/Lusaka/432/1999	1999	3.5288	-0.3520
virus	Yam	B/Yamanashi/166/1998	1998	4.2752	0.5806
virus	Yam	B/Quebec/2/2001	2001	4.6685	0.0767
virus	Yam	B/Quebec/3/2001	2001	4.7183	-1.3366
virus	Yam	B/Quebec/4/2001	2001	3.7858	-0.2267
virus	Yam	B/Quebec/6/2001	2001	5.3097	0.0997
virus	Yam	B/Quebec/7/2001	2001	5.1764	1.0056
virus	Yam	B/Quebec/8/2001	2001	5.0194	0.3491
virus	Yam	B/Quebec/9/2001	2001	5.0898	0.8899
virus	Yam	B/Shiga/T30/1998	1998	3.1661	0.5090
virus	Yam	B/Kadoma/122/1999	1999	4.6956	0.5654
virus	Yam	B/Kadoma/506/1999	1999	6.4193	0.5897
virus	Yam	B/Kadoma/409/2000	2000	3.7943	0.1733
virus	Yam	B/Osaka/1201/2000	2000	2.7049	2.4273
virus	Yam	B/Yamagata/K515/2001	2001	5.7760	-0.1640
virus	Yam	B/Yamagata/K501/2001	2001	3.8671	0.3643
virus	Yam	B/Yamagata/K490/2001	2001	5.6790	-1.2426
virus	Yam	B/Yamagata/K535/2001	2001	5.5285	-0.8066
virus	Yam	B/Yamagata/K298/2001	2001	3.4501	0.4579
virus	Yam	B/Yamagata/K520/2001	2001	3.5724	-0.1399
virus	Yam	B/Yamagata/K508/2001	2001	4.6931	0.3687
virus	Yam	B/Yamagata/K521/2001	2001	4.9460	0.2277
virus	Yam	B/Guangdong/120/2000	2000	4.4331	-0.0856
virus	Yam	B/Shizuoka/15/2001	2001	3.8162	0.1672
virus	Yam	B/Johannesburg/69/2001	2001	3.6418	-0.1307
virus	Yam	B/Taiwan/97271/2001	2001	3.9168	2.4509
virus	Yam	B/NewYork/47/2001	2001	2.3647	-0.1768
virus	Yam	B/Shanghai/361/2002	2002	5.2786	-0.2742
virus	Yam	B/Genoa/48/2002	2002	5.2538	-0.1815
virus	Yam	B/Genoa/56/2002	2002	4.2912	-1.3164
virus	Yam	B/Trieste/7/2002	2002	4.7270	0.6573
virus	Yam	B/Genoa/5/2002	2002	4.8698	0.3913
virus	Yam	B/Genoa/12/2002	2002	7.2055	0.1153
virus	Yam	B/Roma/4/2002	2002	4.4541	-0.4912
virus	Yam	B/Parma/5/2002	2002	2.8726	0.2144
virus	Yam	B/Genova/30/2002	2002	7.0776	0.1794
virus	Yam	B/Trento/3/2002	2002	3.4776	0.2003
virus	Yam	B/Texas/3/2002	2002	5.4483	0.3903
virus	Yam	B/Finland/231/2003	2003	3.1275	-1.5421
virus	Yam	B/Bucharest/795/2003	2003	2.0736	-0.6211
virus	Yam	B/Chanthaburi/218/2003	2003	3.6038	-1.5640
virus	Yam	B/Jiangsu/10/2003	2003	4.7245	-3.5740
virus	Yam	B/Oslo/71/2004	2004	5.6624	-1.8186
virus	Yam	B/Milano/66/2004	2004	4.7354	-1.2859
virus	Yam	B/England/23/2004	2004	6.2771	-1.0929
virus	Yam	B/Lisbon/1/2004	2004	4.6721	-1.2432
virus	Yam	B/Victoria/508/2004	2004	3.3647	0.7010
virus	Yam	B/Brisbane/4/2004	2004	3.8718	-1.0667
virus	Yam	B/Brisbane/5/2004	2004	3.4164	-0.1687
virus	Yam	B/Colorado/4/2004	2004	4.1623	1.4579
virus	Yam	B/Fujian/430/2004	2004	2.7292	-0.1122
virus	Yam	B/Florida/7/2004	2004	5.0958	-0.2786
virus	Yam	B/Taiwan/13/2004	2004	2.9014	0.3272
virus	Yam	B/Taiwan/34/2004	2004	4.1454	0.0897
virus	Yam	B/Taiwan/52/2004	2004	2.5064	-0.9977
virus	Yam	B/Taiwan/68/2004	2004	2.7283	-0.4696
virus	Yam	B/Taiwan/16/2004	2004	2.4854	-0.1685
virus	Yam	B/Taiwan/54/2004	2004	3.1960	-0.5557
virus	Yam	B/Taiwan/69/2004	2004	4.8089	0.0799
virus	Yam	B/Egypt/144/2005	2005	5.6135	1.1735
virus	Yam	B/Lisbon/2/2005	2005	5.1340	-2.2646
virus	Yam	B/Lisbon/3/2005	2005	5.0056	-1.1077
virus	Yam	B/Trieste/23/2005	2005	6.7804	-0.0811
virus	Yam	B/Taiwan/165/2005	2005	4.5257	2.3861
virus	Yam	B/Taiwan/43/2005	2005	2.8344	-0.0011
virus	Yam	B/Taiwan/635/2005	2005	3.5226	2.3545
virus	Yam	B/Taiwan/637/2005	2005	4.8596	-0.3313
virus	Yam	B/Taiwan/81/2005	2005	3.8012	1.6333
virus	Yam	B/Taiwan/98/2005	2005	4.6881	1.8822
virus	Yam	B/Taiwan/102/2005	2005	4.6120	0.0768
virus	Yam	B/Arizona/135/2005	2005	6.3527	-0.1036
virus	Yam	B/Finland/767/2006	2006	5.4110	-1.1396
virus	Yam	B/Taiwan/79/2006	2006	6.3016	0.2754
virus	Yam	B/Florida/4/2006	2006	6.1898	2.1319
virus	Yam	B/Chongqing/18/2007	2007	7.6111	1.4351
virus	Yam	B/Soligorsk/140/2007	2007	5.1603	-0.6910
virus	Yam	B/Novosibirsk/2/2007	2007	4.5064	-0.4826
virus	Yam	B/Jeju/2787/2007	2007	7.5135	0.1129
virus	Yam	B/Brisbane/3/2007	2007	6.1431	1.8750
virus	Yam	B/Sendai/114/2007	2007	5.9254	0.5153
virus	Yam	B/HongKong/441/2007	2007	7.2019	-1.0350
virus	Yam	B/Chelyabinsk/306/2007	2007	6.3848	-0.4673
virus	Yam	B/Perth/12/2007	2007	6.1837	-2.2430
virus	Yam	B/Mauritius/481/2007	2007	6.8637	-1.3525
virus	Yam	B/Johannesburg/90/2007	2007	5.9000	-1.3171
virus	Yam	B/Johannesburg/1197/2007	2007	5.5914	-1.5261
virus	Yam	B/Lyon/1283/2007	2007	6.5374	-0.9169
virus	Yam	B/Ekaterinburg/1/2008	2008	5.9015	-0.9763
virus	Yam	B/Macau/131/2004	2004	6.1558	-0.2467
virus	Yam	B/Taiwan/142/2005	2005	3.4445	-0.9945
virus	Yam	B/Johannesburg/439/2006	2006	7.3217	-0.1830
virus	Yam	B/Waikato/1/2006	2006	5.8148	-0.0459
virus	Yam	B/Barcelona/143/2008	2008	9.1819	-1.0711
virus	Yam	B/England/145/2008	2008	7.1385	-1.5229
virus	Yam	B/Valladolid/18/2008	2008	9.6388	-1.6681
virus	Yam	B/StPetersburg/94/2008	2008	8.7150	-2.1136
virus	Yam	B/Bangladesh/3333/2007	2007	7.2532	0.6334
virus	Yam	B/Brisbane/1/2008	2008	5.3600	1.3568
virus	Yam	B/Brisbane/9/2008	2008	5.7921	-2.1259
virus	Yam	B/Perth/6/2008	2008	5.4933	1.0653
virus	Yam	B/Perth/204/2008	2008	5.2453	0.3744
virus	Yam	B/Ulaanbaatar/1798/2008	2008	7.1943	-1.7163
virus	Yam	B/Indiana/1/2008	2008	7.3519	-2.6328
virus	Yam	B/Santiago/5241/2008	2008	6.7573	-2.1114
virus	Yam	B/Tottori/3/2008	2008	8.5589	-1.5803
virus	Yam	B/Dakar/6/2008	2008	7.7814	-0.1227
virus	Yam	B/Switzerland/1334249/2008	2008	8.9318	-1.2917
virus	Yam	B/Mashad/6/2009	2009	9.0398	-0.9508
virus	Yam	B/Zahedan/7/2009	2009	8.2639	-0.6605
virus	Yam	B/Tehran/8/2009	2009	8.8516	-1.4833
virus	Yam	B/Stockholm/4/2009	2009	9.0492	-0.5265
virus	Yam	B/HongKong/251/2009	2009	9.3691	-1.2151
virus	Yam	B/HongKong/542/2009	2009	8.7534	-1.0191
virus	Yam	B/Turkey/TR-35/2009	2009	8.6418	-1.6460
virus	Yam	B/Turkey/TR-37/2009	2009	9.0134	-0.6297
virus	Yam	B/Wisconsin/1/2010	2010	6.9479	0.8341
virus	Yam	B/Algeria/G486/2010	2010	9.6113	-0.6824
virus	Yam	B/Johannesburg/23/2010	2010	9.0304	-0.1355
virus	Yam	B/HongKong/1832/2010	2010	10.3370	-0.0790
virus	Yam	B/Johannesburg/40/2010	2010	8.4972	-0.9020
virus	Yam	B/HongKong/1895/2010	2010	9.0259	-1.7612
virus	Yam	B/Niedersachsen/1/2010	2010	8.9823	-0.7299
virus	Yam	B/Tehran/5246/2010	2010	8.9255	0.3241
virus	Yam	B/England/110/2010	2010	9.0566	-0.4737
virus	Yam	B/HongKong/2188/2010	2010	9.1392	-2.8751
virus	Yam	B/HongKong/2190/2010	2010	8.5991	-1.6208
virus	Yam	B/Niedersachsen/2/2010	2010	9.0808	-1.9908
virus	Yam	B/NordrheinWestfalen/1/2010	2010	8.9696	-0.9518
virus	Yam	B/Norway/1181/2010	2010	8.7006	-0.9438
virus	Yam	B/Paris/1850/2010	2010	8.1255	-1.1837
virus	Yam	B/Stockholm/6/2010	2010	7.8195	-0.7365
virus	Yam	B/Finland/33/2010	2010	8.3503	3.3568
virus	Yam	B/Finland/39/2010	2010	7.1740	1.9957
virus	Yam	B/England/170/2010	2010	9.7357	-0.1308
virus	Yam	B/England/512/2010	2010	7.9116	-0.3791
virus	Yam	B/Serbia/1894/2011	2011	8.7834	0.2339
virus	Yam	B/Estonia/55669/2011	2011	9.7469	2.8003
virus	Yam	B/Stockholm/12/2011	2011	7.0718	-0.1222
virus	Yam	B/Texas/6/2011	2011	5.3978	-2.3651
virus	Yam	B/Yopougon/GR882/2011	2011	8.7600	0.0005
virus	Yam	B/Yopougon/GR926/2011	2011	7.6787	-0.8676
virus	Yam	B/HongKong/1127/2011	2011	8.6299	0.1618
virus	Yam	B/Catalonia/S4125/2011	2011	9.6923	-0.8008
virus	Yam	B/Catalonia/S4251/2011	2011	8.6001	-1.3334
virus	Yam	B/Yopougon/GR852/2011	2011	9.5044	-0.1934
virus	Yam	B/Ghana/FS-11-1827/2011	2011	9.4929	-0.5710
virus	Yam	B/Paris/1870/2011	2011	9.6753	-0.6181
virus	Yam	B/Paris/1900/2011	2011	8.7078	-0.5929
virus	Yam	B/Ghana/FS-11-1994/2011	2011	9.7243	0.1883
virus	Yam	B/Ghana/FS-11-1995/2011	2011	9.7387	0.4574
virus	Yam	B/Israel/20/2011	2011	9.3840	0.6675
virus	Yam	B/Sakai/36/2011	2011	9.5783	0.0161
virus	Yam	B/Turkey/17/2011	2011	9.2409	-0.3429
virus	Yam	B/Dakar/5/2011	2011	8.7694	-1.4323
virus	Yam	B/Dakar/8/2011	2011	8.5331	-0.6128
serum	H3N2	A/Wis67/05	2005	37.8556	-0.1294
serum	H3N2	A/Trieste25c/07	2007	38.3808	-0.0529
serum	H3N2	A/Wis3/07	2007	39.6187	-0.6174
serum	H3N2	A/Bris10/07	2007	38.7672	-0.2739
serum	H3N2	A/Uru716/07	2007	39.0724	0.9177
serum	H3N2	A/JHB15/08	2008	39.4807	-0.7657
serum	H3N2	A/Eng394/08	2008	39.8700	1.0047
serum	H3N2	A/Bris24/08	2008	37.7894	-0.8599
serum	H3N2	UY/716	2007	39.9775	-1.4684
serum	H3N2	AS/16	2009	43.2029	-0.5269
serum	H3N2	RI/1	2010	43.2740	0.4794
serum	H3N2	PN/7149	2010	43.2785	0.4465
serum	H3N2	AL/5	2010	43.7392	0.6456
serum	H3N2	AS/10	2010	43.0693	-0.8573
serum	H3N2	A/HK/1/68	1968	2.7211	0.4373
serum	H3N2	A/Eng/42/72	1972	5.6191	-0.5662
serum	H3N2	A/Vic/3/75	1975	9.0617	-1.2815
serum	H3N2	A/Tex/1/77	1977	12.3625	0.2881
serum	H3N2	A/Bk/1/79	1979	12.8583	1.2707
serum	H3N2	A/Phil/2/82	1982	13.7699	-2.3423
serum	H3N2	A/Miss/1/85	1985	18.0703	3.4933
serum	H3N2	A/Shan/11/87	1987	17.3214	-0.1276
serum	H3N2	A/Beij/352/89	1989	21.2252	0.3294
serum	H3N2	A/Beij/32/92	1992	24.2323	-2.1528
serum	H3N2	A/Jhb/33/94	1994	26.6481	-3.7998
serum	H3N2	A/Wuh/359/95	1995	28.2115	1.4260
serum	H3N2	A/Syd/5/97	1997	31.5066	0.5256
serum	H3N2	CALIFORNIA/7-LOT-2005-025/2004-CDC	2004	36.8512	-1.0646
serum	H3N2	WELLINGTON/1-LOT-2004-093/2004-CDC	2004	36.7375	-2.7685
serum	H3N2	WYOMING/3-LOT-2004-074-X-147-REASSORTANT/2003-CDC	2003	36.2036	-2.0929
serum	H3N2	VICTORIA/500-LOT-2005-029/2004-CDC	2004	36.4864	-0.6419
serum	H3N2	TEXAS/6-LOT-2005-008/2004-CDC	2004	37.5526	-1.5937
serum	H3N2	TENNESSEE/6-LOT-2005-013/2004-CDC	2004	36.8560	-0.6805
serum	H3N2	NORTH-DAKOTA/1-LOT-2005-021/2004-CDC	2004	37.5911	-1.6340
serum	H3N2	WASHINGTON/1-LOT-2005-031/2004-CDC	2004	36.6266	-1.5320
serum	H3N2	NEPAL/1646-LOT-2005-009/2004-CDC	2004	36.2340	-0.7771
serum	H3N2	SINGAPORE/36-LOT-2005-030/2004-CDC	2004	34.2888	1.9453
serum	H3N2	SINGAPORE/37-REASSORTANT-LOT-2005-036-NEW/2004-CDC	2004	35.6648	-1.1775
serum	H3N2	WISCONSIN/19-LOT-2005-037-NEW/2004-CDC	2004	36.8858	-0.6001
serum	H3N2	WYOMING/3-LOT-2004-014-AND-2004-015-POOL/2003-CDC	2003	35.2872	-0.7172
serum	H3N2	KOREA/770-LOT-2004-063-AND-2004-064-POOLED/2002-CDC	2002	34.4369	-1.2598
serum	H3N2	SINGAPORE/36-LOT-2005-030-NEW/2004-CDC	2004	34.6600	2.8221
serum	H3N2	SINGAPORE/37-ALAN-HAMPSON/2004-CDC	2004	36.3149	2.5961
serum	H3N2	VICTORIA/500-LOT-2005-029-NEW/2004-CDC	2004	37.7355	1.2379
serum	H3N2	WASHINGTON/1-LOT-2005-031-NEW/2004-CDC	2004	37.8766	0.6356
serum	H3N2	HONG-KONG/2874-LOT-2005-010/2004-CDC	2004	36.2875	-0.5722
serum	H3N2	HONG-KONG/1186-LOT-2004-027/2003-CDC	2003	34.6516	0.4184
serum	H3N2	MALAYSIA/1-LOT-2004-094/2004-CDC	2004	35.5721	1.4642
serum	H3N2	PANAMA/2007-LOT-2004-061-AND-2004-062-POOLED/1999-CDC	1999	32.0237	-0.8560
serum	H3N2	HONG-KONG/2874-LOT-2005-010-NEW/2004-CDC	2004	36.5324	-0.6481
serum	H3N2	NEPAL/1646-LOT-2005-009-NEW/2004-CDC	2004	37.5356	-1.2729
serum	H3N2	TENNESSEE/6-LOT-2005-013-NEW/2004-CDC	2004	37.1925	-1.3005
serum	H3N2	TEXAS/6-LOT-2005-008-NEW/2004-CDC	2004	38.3498	-1.3673
serum	H3N2	CANADA/578-LOT-2005-003-NEW/2004-CDC	2004	36.6343	-1.6512
serum	H3N2	FUJIAN/411-LOT-2004-002-AND-2004-003-POOL/2002-CDC	2002	34.9087	-0.1347
serum	H3N2	OKLAHOMA/8-LOT-2004-060/2004-CDC	2004	36.0393	-0.6944
serum	H3N2	PERU/1296-LOT-2004-087/2004-CDC	2004	34.6732	-1.0878
serum	H3N2	CALIFORNIA/7/2004-NIID	2004	37.8533	1.5426
serum	H3N2	HIROSHIMA/39/2004-NIID	2004	37.8222	1.1972
serum	H3N2	NAGASAKI/52/2003-NIID	2003	36.9027	0.5054
serum	H3N2	PANAMA/2007/1999-NIID	1999	31.6954	2.3987
serum	H3N2	SINGAPORE/37/2004-NIID	2004	37.5530	1.2713
serum	H3N2	TOKYO/1035/2004-NIID	2004	37.3399	1.8254
serum	H3N2	WELLINGTON/1/2004-NIID	2004	37.4088	1.6528
serum	H3N2	WYOMING/3-LOT-4/2003-NIID	2003	36.2354	0.7967
serum	H3N2	WYOMING/3-NO-1/2003-NIID	2003	37.3328	2.0472
serum	H3N2	TEXAS/40-LOT-2004-029/2003-CDC	2003	34.2705	-1.5130
serum	H3N2	MALAYSIA/1-LOT-2004-094-NEW/2004-CDC	2004	37.6836	-2.9024
serum	H3N2	PANAMA/2007-LOT-2003-21/1999-CDC	1999	32.4883	-0.1185
serum	H3N2	PANAMA/2007-LOT-2004-061-NEW/1999-CDC	1999	32.0304	-0.8184
serum	H3N2	PANAMA/2007-LOT-2004-062-NEW/1999-CDC	1999	32.9634	1.6013
serum	H3N2	FUJIAN/411/2002-CDC	2002	34.4979	0.0125
serum	H3N2	HONG-KONG/1186/2003-CDC	2003	33.7290	1.2472
serum	H3N2	KOREA/770/2002-CDC	2002	34.7354	0.6169
serum	H3N2	MALAYSIA/1/2004-CDC	2004	34.9016	0.5855
serum	H3N2	OKLAHOMA/8/2004-CDC	2004	35.1225	-1.4354
serum	H3N2	PERU/1296/2004-CDC	2004	34.7514	-0.0278
serum	H3N2	TEXAS/40/2003-CDC	2003	34.6474	0.1558
serum	H3N2	WELLINGTON/1-CDC-20040908-COL-12/2004-CDC	2004	35.4180	0.4602
serum	H3N2	WELLINGTON/1/2004-CDC	2004	34.9888	1.4331
serum	H3N2	WYOMING/3-X-147/2003-CDC	2003	35.5872	1.0358
serum	H3N2	WYOMING/3/2003-CDC	2003	34.6854	0.4489
serum	H3N2	ROMANIA/802/2003-CDC	2003	33.8232	-2.1152
serum	H3N2	HONG-KONG/1186-LOT-2004-004/2003-CDC	2003	35.8271	-1.5525
serum	H3N2	WYOMING/3-LOT-2004-085-REASSORTANT-NEW/2003-CDC	2003	35.9450	-1.0806
serum	H3N2	PANAMA/2007-LOT-2003-20-AND-2003-21-POOL/1999-CDC	1999	31.2106	1.6274
serum	H3N2	KOREA/770-LOT-2004-006-AND-2004-007-POOL/2002-CDC	2002	35.2630	-0.1863
serum	H3N2	WYOMING/3-LOT-2003-63-X-147-REASSORTANT/2003-CDC	2003	37.2265	0.6538
serum	H3N2	FUJIAN/445-LOT-2004-043/2003-CDC	2003	35.9544	0.9490
serum	H3N2	HONG-KONG/1186-LOT-2004-027-NEW-LOT/2003-CDC	2003	35.3782	-1.4898
serum	H3N2	KUMAMOTO/102-LOT-2003-75/2002-CDC	2002	34.5289	-0.8873
serum	H3N2	LOUISIANA/4-LOT-2004-12/2003-CDC	2003	35.4705	-1.3671
serum	H3N2	SHANGHAI/369-LOT-2004-001/2003-CDC	2003	36.9178	0.7569
serum	H3N2	WYOMING/3-LOT-2004-17-X-149-REASSORTANT/2003-CDC	2003	36.9015	0.4272
serum	H3N2	FUJIAN/445-LOT-2004-043-NEW/2003-CDC	2003	35.9661	0.2202
serum	H3N2	TEXAS/141-LOT-2004-031/2003-CDC	2003	37.8271	0.3928
serum	H3N2	WYOMING/3-LOT-2003-73/2003-CDC	2003	35.4544	-0.3519
serum	H3N2	WYOMING/3-LOT-2004-014-NEW/2003-CDC	2003	37.1770	-0.3986
serum	H3N2	WYOMING/3-LOT-2004-015-NEW/2003-CDC	2003	35.5110	-0.5802
serum	H3N2	SOFIA/141-LOT-2003-99/2003-CDC	2003	33.1329	0.9861
serum	H3N2	TAIWAN/1529-LOT-2004-13/2003-CDC	2003	35.4535	0.2601
serum	H3N2	FUJIAN/411-LOT-2003-24/2002-CDC	2002	34.4836	-0.9068
serum	H3N2	WYOMING/3-LOT-2003-63-REASSORTANT/2003-CDC	2003	34.8116	0.7009
serum	H3N2	WYOMING/3-LOT-2004-17-REASSORTANT/2003-CDC	2003	34.9098	-0.7445
serum	H3N2	LOUISIANA/4-LOT-2003-12-NEW/2003-CDC	2003	35.7163	-0.7383
serum	H3N2	TAIWAN/1529-LOT-2003-13-NEW/2003-CDC	2003	36.1651	0.7407
serum	H3N2	WYOMING/3-LOT-2003-72/2003-CDC	2003	36.6277	-0.2589
serum	H3N2	CHRISTCHURCH/28-LOT-2003-101/2003-CDC	2003	33.4290	-0.6106
serum	H3N2	KOREA/770-LOT-2003-30/2002-CDC	2002	35.4811	0.2841
serum	H3N2	KOREA/770-LOT-2004-006-NEW/2002-CDC	2002	36.0936	0.0452
serum	H3N2	KOREA/770-LOT-2004-007-NEW/2002-CDC	2002	35.9458	0.2122
serum	H3N2	MOSCOW/10-LOT-2003-22/1999-CDC	1999	30.4869	-1.2725
serum	H3N2	WYOMING/3-LOT-2003-72-AND-2003-73-POOL/2003-CDC	2003	34.8123	0.5116
serum	H3N2	FUJIAN/411-LOT-2004-002-NEW/2002-CDC	2002	34.0625	-1.2886
serum	H3N2	FUJIAN/411-LOT-2004-003-NEW/2002-CDC	2002	35.1634	-1.9660
serum	H3N2	HONG-KONG/1186-LOT-2004-004-NEW/2003-CDC	2003	37.1393	-0.5630
serum	H3N2	KUMAMOTO/102-LOT-2004-005-NEW/2002-CDC	2002	35.1051	-1.0354
serum	H3N2	SHANGHAI/369-LOT-2004-001-NEW/2003-CDC	2003	36.2188	2.3093
serum	H3N2	WYOMING/3-LOT-2003-49/2003-CDC	2003	33.0356	0.1557
serum	H3N2	HONG-KONG/1186-LOT-2003-100/2003-CDC	2003	33.1457	-1.9668
serum	H3N2	KUMAMOTO/102-LOT-2003-102-IVR-135/2002-CDC	2002	35.2336	0.5540
serum	H3N2	SYDNEY/5-LOT-2001-27/1997-CDC	1997	30.3067	-0.1438
serum	H3N2	WYOMING/3-LOT-2003-103-IVR-134/2003-CDC	2003	34.9556	0.7704
serum	H3N2	FUKUOKA/37-LOT-2003-74/2002-CDC	2002	35.3663	0.3567
serum	H3N2	SHANGHAI/369-LOT-2003-88/2003-CDC	2003	34.3951	-2.1065
serum	H3N2	SOFIA/141-LOT-2003-99-NEW/2003-CDC	2003	33.3789	-0.9048
serum	H3N2	FUJIAN/411-LOT-2003-95-NEW/2002-CDC	2002	35.2864	-1.2225
serum	H3N2	SYDNEY/5-LOT-2003-94-NEW/1997-CDC	1997	31.4303	-1.9521
serum	H3N2	MOSCOW/10-LOT-2002-14/1999-CDC	1999	32.7715	-1.8629
serum	H3N2	SENDAI/F4962-LOT-2003-37/2003-CDC	2003	36.1272	0.1475
serum	H3N2	FUKUOKA/37-LOT-2003-51/2002-CDC	2002	32.8307	-0.8062
serum	H3N2	PANAMA/2007-LOT-2003-20-AND-21/1999-CDC	1999	32.0130	0.7040
serum	H3N2	HONG-KONG/1550-LOT-2002-26/2002-CDC	2002	32.6174	-2.0456
serum	H3N2	NEW-YORK/55-LOT-2002-25/2001-CDC	2001	31.6708	-0.5306
serum	H3N2	BEIJING/178-LOT-2003-31/2002-CDC	2002	34.3402	-0.0481
serum	H3N2	HAWAII/14-LOT-2003-32/2002-CDC	2002	34.1029	-0.3836
serum	H3N2	GUANGZHOU/405-LOT-2002-68/2002-CDC	2002	33.6625	-1.0591
serum	H3N2	FUJIAN/140-LOT-2001-47/2000-CDC	2000	32.0130	-0.0970
serum	H3N2	PANAMA/2007-LOT-2002-7/1999-CDC	1999	32.1772	-1.8082
serum	H3N2	SANTIAGO/6416-LOT-2002-36/2001-CDC	2001	31.4998	-1.8768
serum	H3N2	PANAMA/2007-LOT-2003-20/1999-CDC	1999	31.0998	-0.1475
serum	H3N2	MOSCOW/10-LOT-2003-23/1999-CDC	1999	32.0242	-1.1230
serum	H3N2	AUCKLAND/6/2003-MELB	2003	33.8346	0.5169
serum	H3N2	BRISBANE/3/2005-MELB	2005	36.3041	-0.5598
serum	H3N2	BRISBANE/6/2002-MELB	2002	32.1099	1.5664
serum	H3N2	CALIFORNIA/7-MELB-20050219-COL-13/2004-MELB	2004	37.4088	0.6409
serum	H3N2	CALIFORNIA/7/2004-MELB	2004	37.1562	-0.3706
serum	H3N2	CHRISTCHURCH/28-IVR-137/2003-MELB	2003	36.0776	1.2357
serum	H3N2	FUJIAN/140/2000-MELB	2000	32.9540	-0.0371
serum	H3N2	HONG-KONG/1550/2001-MELB	2001	32.3809	1.6075
serum	H3N2	HONG-KONG/1550/2002-MELB	2002	31.6481	1.6110
serum	H3N2	HONG-KONG/4593/2004-MELB	2004	36.5853	0.0019
serum	H3N2	IVR-134-A-WYOM-MELB-20030926A-COL-15-MELB	2003	36.6227	0.8982
serum	H3N2	IVR-135-A-KUMA-MELB-20030926A-COL-10-MELB	2002	34.9536	-0.4717
serum	H3N2	KUMAMOTO/102-IVR-135/2002-MELB	2002	33.2164	0.7778
serum	H3N2	KUMAMOTO/102-LOT-150M-F796-14D/2002-MELB	2002	33.8011	0.7178
serum	H3N2	KUMAMOTO/102-MELB-20031114-COL-7/2002-MELB	2002	34.5501	1.3058
serum	H3N2	MACAU/578/2005-MELB	2005	37.6939	-0.1917
serum	H3N2	MALAYSIA/1-MELB-20040609-COL-13/2004-MELB	2004	34.6034	2.5461
serum	H3N2	MALAYSIA/1-MELB-20040709-COL-11/2004-MELB	2004	36.6004	-1.9751
serum	H3N2	MALAYSIA/1-MELB-20040727-COL-11/2004-MELB	2004	35.7552	0.6534
serum	H3N2	MALAYSIA/1-MELB-20040728-COL-11/2004-MELB	2004	35.9812	0.8155
serum	H3N2	MALAYSIA/1-MELB-20040805-COL-10/2004-MELB	2004	36.7842	0.5604
serum	H3N2	MALAYSIA/1-MELB-20040818-COL-10/2004-MELB	2004	36.2949	-0.1310
serum	H3N2	MALAYSIA/1-MELB-20040819A-COL-10/2004-MELB	2004	36.1902	0.3524
serum	H3N2	MALAYSIA/1-MELB-20040819B-COL-10/2004-MELB	2004	37.3973	-0.2370
serum	H3N2	MALAYSIA/1/2004-MELB	2004	35.3458	0.9212
serum	H3N2	MALAYSIA/753/2005-MELB	2005	36.5377	0.2610
serum	H3N2	MISSISSIPPI/5/2004-MELB	2004	36.0884	0.7599
serum	H3N2	MOSCOW/10/1999-MELB	1999	32.1165	2.6405
serum	H3N2	NEW-YORK/55-X-157-LOT-2005-054-X-157/2004-MELB	2004	37.7817	-0.1681
serum	H3N2	NEW-YORK/55/2001-MELB	2001	31.9177	2.2844
serum	H3N2	NEWHAMPSHIRE/14/2004-MELB	2004	37.4225	0.0799
serum	H3N2	NORTH-DAKOTA/1/2004-MELB	2004	36.5544	-0.8598
serum	H3N2	OSAKA/70/2002-MELB	2002	36.2923	-1.1191
serum	H3N2	PANAMA/2007-RESVIR-17-F632-15D/1999-MELB	1999	31.5913	1.0818
serum	H3N2	PHILIPPINES/472/2002-MELB	2002	34.0802	0.9608
serum	H3N2	PHILIPPINES/825/2003-MELB	2003	35.9039	0.1960
serum	H3N2	SENDAI/4952/2002-MELB	2002	31.9019	-2.6568
serum	H3N2	SINGAPORE/37-IVR-140-IVR-140/2004-MELB	2004	36.8551	2.4694
serum	H3N2	SINGAPORE/37/2004-MELB	2004	36.2804	0.8416
serum	H3N2	SYDNEY/44/2001-MELB	2001	31.7723	1.1744
serum	H3N2	SYDNEY/5/1997-MELB	1997	31.9466	0.3412
serum	H3N2	TAIWAN/8/2002-MELB	2002	33.6260	2.2940
serum	H3N2	VICTORIA/500-MELB-20050113-COL-14/2004-MELB	2004	38.5477	2.3378
serum	H3N2	VICTORIA/500-MELB-20050113-COL-15/2004-MELB	2004	37.8796	1.2003
serum	H3N2	VICTORIA/512-MELB-20050907-COL-15/2005-MELB	2005	35.5881	1.1805
serum	H3N2	VICTORIA/512/2005-MELB	2005	36.5865	0.8122
serum	H3N2	VICTORIA/523/2004-MELB	2004	36.2758	0.3452
serum	H3N2	WELLINGTON/1-IVR-139/2004-MELB	2004	35.9079	-0.1699
serum	H3N2	WELLINGTON/1-MELB-20040922-COL-11/2004-MELB	2004	36.4529	0.2869
serum	H3N2	WELLINGTON/1/2004-MELB	2004	35.8034	1.0455
serum	H3N2	WISCONSIN/67/2005-MELB	2005	38.1678	0.8227
serum	H3N2	WISCONSIN/67/2006-MELB	2006	37.1213	-0.5751
serum	H3N2	WYOMING/3-AX147/2003-MELB	2003	35.7086	-0.4189
serum	H3N2	WYOMING/3-IVR-134/2003-MELB	2003	36.2297	0.3200
serum	H3N2	WYOMING/3-LOT-151G-F794-15D/2003-MELB	2003	34.8976	0.5157
serum	H3N2	WYOMING/3-MELB-20041130-COL-6/2003-MELB	2003	34.4928	0.9072
serum	H3N2	WYOMING/3-MELB-20041201-COL-6/2003-MELB	2003	34.8277	1.3145
serum	H3N2	WYOMING/3-X147-X147/2003-MELB	2003	35.4369	0.7503
serum	H3N2	WYOMING/3/2003-MELB	2003	34.9406	0.7255
serum	H3N2	PANAMA/2007-LOT-2003-20-AND-2003-21/1999-CDC	1999	32.1018	0.7572
serum	H3N2	FUJIAN/411/2002-MELB	2002	34.6527	0.6118
serum	H3N2	KUMAMOTO/102/2002-MELB	2002	34.5454	-0.0712
serum	H3N2	PANAMA/2007/1999-MELB	1999	31.9783	1.7317
serum	H3N2	WYOMING/3-X147/2003-MELB	2003	34.1403	0.9237
serum	H3N2	BRAZIL/1742-LOT-2006-016/2005-CDC	2005	36.3914	-0.2754
serum	H3N2	HIROSHIMA/52-LOT-2006-032/2005-CDC	2005	38.6582	-0.0129
serum	H3N2	WISCONSIN/67-LOT-2006-031/2005-CDC	2005	38.8288	-0.2316
serum	H3N2	HONG-KONG/2831-LOT-2005-087/2005-CDC	2005	39.1853	-1.0509
serum	H3N2	ANHUI/1239-LOT-2006-025/2005-CDC	2005	39.6158	1.7321
serum	H3N2	MISSISSIPPI/5-LOT-2005-088/2004-CDC	2004	37.3139	-0.2267
serum	H3N2	ANHUI/1238-LOT-2006-024/2005-CDC	2005	40.7739	-1.2646
serum	H3N2	CALIFORNIA/20-LOT-2006-050-NEW/2005-CDC	2005	38.4523	-0.6989
serum	H3N2	CALIFORNIA/7-LOT-2005-025-AND-2005-047/2004-CDC	2004	37.1296	-1.9317
serum	H3N2	NEW-YORK/55-X-PR-8-X-157-LOT-2005-054/2004-CDC	2004	37.4912	-1.6525
serum	H3N2	NORTHCAROLINA/13-LOT-2005-104/2005-CDC	2005	38.5320	-0.8352
serum	H3N2	WISCONSIN/68-LOT-2006-051-NEW/2005-CDC	2005	39.1590	-2.2353
serum	H3N2	HIROSHIMA/52-FROM-JAPAN-2006715963/2005-CDC	2005	39.6650	-0.3535
serum	H3N2	HIROSHIMA/52-LOT-2006-032-NEW/2005-CDC	2005	40.3241	1.7656
serum	H3N2	NEWHAMPSHIRE/14-LOT-2005-081/2004-CDC	2004	37.4094	-0.5211
serum	H3N2	WISCONSIN/19-LOT-2005-037/2004-CDC	2004	36.1487	-1.5977
serum	H3N2	BRAZIL/1742-LOT-2006-016-NEW/2005-CDC	2005	37.4379	0.7756
serum	H3N2	SINGAPORE/37-REASSORTANT-LOT-2005-036/2004-CDC	2004	35.8489	-2.6364
serum	H3N2	ANHUI/1238/2005-NIID	2005	38.6216	0.5034
serum	H3N2	ANHUI/1239/2005-NIID	2005	39.3613	0.9249
serum	H3N2	CALIFORNIA/7-NO-1/2004-NIID	2004	36.9144	0.0784
serum	H3N2	GUNMA/16-NO-2/2005-NIID	2005	36.7737	1.5965
serum	H3N2	HIROSHIMA/52-NO-2/2005-NIID	2005	39.0264	0.3072
serum	H3N2	NEW-YORK/55-NO-1/2004-NIID	2004	37.2330	0.1783
serum	H3N2	WISCONSIN/67/2005-NIID	2005	38.5336	0.4916
serum	H3N2	WYOMING/3-NO-5/2003-NIID	2003	34.8854	1.1428
serum	H3N2	NEW-YORK/55-LOT-2006-100/2004-CDC	2004	35.9086	-1.9201
serum	H3N2	WISCONSIN/67-LOT-2006-070/2005-CDC	2005	37.8812	1.9286
serum	H3N2	WISCONSIN/67-X-PR-8-X-161B-LOT-2006-098/2005-CDC	2005	38.4819	1.0047
serum	H3N2	KENTUCKY/3-LOT-2006-136/2006-CDC	2006	38.3249	-0.3494
serum	H3N2	HONG-KONG/2831-LOT-2006-122/2005-CDC	2005	38.1602	-0.5517
serum	H3N2	HONDURAS/93-LOT-2006-097/2005-CDC	2005	38.2848	0.0476
serum	H3N2	UKRAINE/13-LOT-2006-134/2006-CDC	2006	38.7250	-0.7195
serum	H3N2	VICTORIA/512-LOT-2006-085/2005-CDC	2005	36.3574	1.3949
serum	H3N2	CALIFORNIA/7-LOT-2005-047/2004-CDC	2004	37.7517	-2.4427
serum	H3N2	ANHUI/1239-LOT-2006-035/2005-CDC	2005	38.1510	-0.8222
serum	H3N2	FLORIDA/2-LOT-2007-033-NEW/2006-CDC	2006	38.7802	-1.3915
serum	H3N2	FLORIDA/2-LOT-2007-034-NEW/2006-CDC	2006	38.6366	0.0831
serum	H3N2	HIROSHIMA/52-LOT-2007-005-NEW/2005-CDC	2005	38.6585	-0.8857
serum	H3N2	HONDURAS/93-LOT-2007-006-NEW/2005-CDC	2005	38.3244	-0.1901
serum	H3N2	HONG-KONG/218-LOT-2006-123/2006-CDC	2006	38.0617	-0.8033
serum	H3N2	SANTIAGO/7981-LOT-2007-031-NEW/2006-CDC	2006	39.0790	-1.1115
serum	H3N2	SANTIAGO/7981-LOT-2007-032-NEW/2006-CDC	2006	39.2766	-1.1855
serum	H3N2	WISCONSIN/67-X-PR-8-X-161B-LOT-2006-098-NEW/2005-CDC	2005	39.5319	0.0591
serum	H3N2	KENTUCKY/3-LOT-2006-136-NEW/2006-CDC	2006	38.4809	-1.6943
serum	H3N2	NEW-YORK/55-LOT-S-2006-100/2004-CDC	2004	37.1197	-0.1706
serum	H3N2	UKRAINE/13-LOT-2006-134-NEW/2006-CDC	2006	36.7734	-0.2639
serum	H3N2	WISCONSIN/67-X-PR-8-X-161B-LOT-2006-099/2005-CDC	2005	36.9974	2.7066
serum	H3N2	WISCONSIN/67-X-AA-LOT-2006-086/2005-CDC	2005	41.2780	-1.0085
serum	H3N2	NEW-YORK/55-POOLED-LOT-S-2006-100/2004-CDC	2004	37.3761	-0.1758
serum	H3N2	WISCONSIN/67-LOT-2006-070-NEW/2005-CDC	2005	40.2897	-0.3108
serum	H3N2	NEW-YORK/55-POOLED-LOT-S-2005-043-AND-2005-044/2004-CDC	2004	37.2877	-1.2175
serum	H3N2	WISCONSIN/67-X-PR8-LOT-2006-086/2005-CDC	2005	40.7871	0.8145
serum	H3N2	WISCONSIN/67-X-PR8-X-161-LOT-2006-076/2005-CDC	2005	39.6293	0.5885
serum	H3N2	ANHUI/1239-LOT-2006-035-NEW/2005-CDC	2005	38.5047	1.4330
serum	H3N2	WISCONSIN/67-X-PR-8-X-161B-LOT-2006-099-NEW/2005-CDC	2005	37.2310	1.0179
serum	H3N2	HONDURAS/93-LOT-2006-097-NEW/2005-CDC	2005	38.5395	-1.0777
serum	H3N2	WISCONSIN/68-LOT-2006-051/2005-CDC	2005	37.8983	-1.5636
serum	H3N2	HONG-KONG/4593-LOT-2005-075/2004-CDC	2004	36.6523	-1.2675
serum	H3N2	VICTORIA/512-LOT-2006-085-NEW/2005-CDC	2005	36.9495	-0.8162
serum	H3N2	WISCONSIN/67-X-PR8-LOT-2006-086-NEW/2005-CDC	2005	39.7639	-0.0360
serum	H3N2	MISSISSIPPI/5-X-PR-8-X-159-LOT-2006-061/2004-CDC	2004	34.3000	1.6240
serum	H3N2	HIROSHIMA/52-X-PR8-LOT-2006-069-NEW/2005-CDC	2005	36.9206	2.2074
serum	H3N2	WISCONSIN/67-X-PR8-X-161-LOT-2006-076-NEW/2005-CDC	2005	40.1734	0.7607
serum	H3N2	CALIFORNIA/7-REASSORTANT-CDC-LOT-2005-065/2004-CDC	2004	36.5319	-0.1691
serum	H3N2	WYOMING/3-LOT-2005-70-X-147-REASSORTANT/2003-CDC	2003	35.3429	-0.2275
serum	H3N2	VICTORIA/500-LOT-2005-086/2004-CDC	2004	35.5831	-0.4318
serum	H3N2	OKINAWA/22-NO-2/2005-NIID	2005	37.9270	0.5436
serum	H3N2	WISCONSIN/67-NIID-COL-N/2005-NIID	2005	38.1623	-0.1418
serum	H3N2	WISCONSIN/67-NIID-COL-O/2005-NIID	2005	38.1750	0.3081
serum	H3N2	CALIFORNIA/7-LOT-2005-046-2005-04-AND-2005-048-POOLED/2004-CDC	2004	37.3744	-0.3105
serum	H3N2	VICTORIA/500/2004-MELB	2004	35.2394	0.2897
serum	H3N2	VICTORIA/513/2004-MELB	2004	35.8075	1.7522
serum	H3N2	CALIFORNIA/7-NO-2/2004-NIID	2004	37.7784	-0.4696
serum	H3N2	WYOMING/3-NO-5-NIID-COL-I/2003-NIID	2003	35.3298	1.2828
serum	H3N2	HIROSHIMA/52-X-PR8-LOT-2006-069/2005-CDC	2005	36.3565	2.9305
serum	H3N2	HIROSHIMA/52/2005-MELB	2005	39.0303	1.6295
serum	H3N2	NEW-YORK/55/2004-MELB	2004	36.7627	-0.5463
serum	H3N2	NEW-YORK/55-LOT-5/2004-NIID	2004	36.4398	0.1987
serum	H3N2	NEW-YORK/55-NO-2/2004-NIID	2004	37.1892	0.3475
serum	H3N2	WELLINGTON/1-NO-2/2004-NIID	2004	35.8513	0.9637
serum	H3N2	WISCONSIN/67-NO-2/2005-NIID	2005	38.9926	0.3987
serum	H3N2	SINGAPORE/37-NO-2/2004-NIID	2004	36.6196	0.5726
serum	H3N2	TOKYO/1035-NO-1/2004-NIID	2004	36.5312	1.7329
serum	H3N2	CALIFORNIA/7-LOT-2005-046-NEW/2004-CDC	2004	37.6919	-1.8019
serum	H3N2	CALIFORNIA/7-LOT-2005-047-NEW/2004-CDC	2004	38.5469	-0.5930
serum	H3N2	CALIFORNIA/7-LOT-2005-048-NEW/2004-CDC	2004	37.8694	0.8990
serum	H3N2	CANADA/578-LOT-2005-003/2004-CDC	2004	36.8701	-1.1010
serum	H3N2	BAYERN/4/2006-MELB	2006	37.2563	0.5430
serum	H3N2	BRISBANE/9/2006-MELB	2006	39.3384	0.2826
serum	H3N2	LYON/636/2006-MELB	2006	37.4623	0.8939
serum	H3N2	SINGAPORE/37/2006-MELB	2006	35.2040	1.4191
serum	H3N2	VICTORIA/503/2006-MELB	2006	38.8365	1.2924
serum	H3N2	NEPAL/921-LOT-2007-062-AND-063-POOL/2006-CDC	2006	39.3023	-0.0715
serum	H3N2	BRISBANE/9-LOT-2007-069-NEW/2006-CDC	2006	38.1724	-1.4191
serum	H3N2	NEPAL/921-LOT-2007-062-NEW/2006-CDC	2006	39.8505	1.5384
serum	H3N2	NEPAL/921-LOT-2007-063-NEW/2006-CDC	2006	39.7630	1.4863
serum	H3N2	CANADA/1212-LOT/2006-CDC	2006	37.9444	0.7139
serum	H3N2	FLORIDA/2-LOT-2007-033/2006-CDC	2006	39.3862	-1.1663
serum	H3N2	HONG-KONG/218-LOT/2006-CDC	2006	37.5499	-1.3825
serum	H3N2	SANTIAGO/7981-LOT-2007-031/2006-CDC	2006	39.6599	0.1420
serum	H3N2	CANADA/1212-LOT-2007-048/2006-CDC	2006	39.2085	-0.6650
serum	H3N2	FLORIDA/2-LOT-2007-033-AND-2007-034-POOLED/2006-CDC	2006	39.3323	-2.3511
serum	H3N2	SANTIAGO/7981-LOT-2007-031-AND-2007-032-POOLED/2006-CDC	2006	39.0713	-1.5267
serum	H3N2	CALIFORNIA/7-LOT-2005-046-2005-047-POOLED/2004-CDC	2004	36.6755	-1.5371
serum	H3N2	HIROSHIMA/33/2006-MELB	2006	37.8154	0.9275
serum	H3N2	SANTIAGO/7981/2006-MELB	2006	38.2133	-0.3641
serum	H3N2	SENDIH/F131/2006-MELB	2006	37.4178	-1.1635
serum	H3N2	LYON/1331-LOT-2007-071/2006-CDC	2006	38.3626	-1.1052
serum	H3N2	BRISBANE/9-LOT-2007-069/2006-CDC	2006	38.3265	-1.3402
serum	H3N2	NEPAL/921-X-PR8-X-165-LOT-2007-074/2006-CDC	2006	39.6507	1.1419
serum	H3N2	NEPAL/921-BOOSTED-WITH-A-BRISBANE-9-POOLED-NEW/2006-CDC	2006	39.6150	1.0603
serum	H3N2	WISCONSIN/3-LOT-2007-089-AND-2007-090-POOL/2007-CDC	2007	38.7418	0.5120
serum	H3N2	JAPAN/7288-LOT-2007-097/2007-CDC	2007	39.1665	-0.6069
serum	H3N2	NEPAL/921-X-PR8-X-165-LOT-2007-103-NEW/2006-CDC	2006	38.3407	3.2347
serum	H3N2	JAPAN/7288-LOT-2007-097-NEW/2007-CDC	2007	38.6182	0.9706
serum	H3N2	WISCONSIN/3-LOT-2007-089-NEW/2007-CDC	2007	41.8644	0.1626
serum	H3N2	WISCONSIN/3-LOT-2007-090-NEW/2007-CDC	2007	37.9698	-0.2502
serum	H3N2	WYOMING/1-LOT-2007-075-NEW/2006-CDC	2006	38.0690	-0.2796
serum	H3N2	WISCONSIN/3-X-PR8-X-167-LOT-2007-109-NEW/2007-CDC	2007	37.8116	1.6406
serum	H3N2	WISCONSIN/3-X-PR8-X-167-LOT-2007-110-NEW/2007-CDC	2007	39.3245	-1.3318
serum	H3N2	WISCONSIN/3-X-PR8-X-167-LOT-2007-110/2007-CDC	2007	37.0128	-1.8561
serum	H3N2	CANADA/1212/2006-NIID	2006	38.0282	0.3126
serum	H3N2	HIROSHIMA/33-NO-2/2006-NIID	2006	37.6779	0.0793
serum	H3N2	HIROSHIMA/52-IVR-142-NO-1/2005-NIID	2005	39.4318	2.1618
serum	H3N2	HIROSHIMA/52-IVR-142-NO-2/2005-NIID	2005	40.8333	2.1119
serum	H3N2	KITAKYUSHU/5-NO-2/2006-NIID	2006	38.6750	-0.4358
serum	H3N2	NEPAL/921-NO-1/2006-NIID	2006	38.5953	0.3650
serum	H3N2	NEPAL/921/2006-NIID	2006	39.0650	-0.7181
serum	H3N2	SENDAI/F131-NO-2/2006-NIID	2006	38.6102	-0.1734
serum	H3N2	HONG-KONG/1550/2002-NIID	2002	35.3548	1.4887
serum	H3N2	ISHIKAWA/102/2002-NIID	2002	33.7891	0.5484
serum	H3N2	KUMAMOTO/102-AL/2002-NIID	2002	34.9416	1.3360
serum	H3N2	KUMAMOTO/102/2002-NIID	2002	35.0730	-0.0243
serum	H3N2	MOSCOW/10/1999-NIID	1999	34.2083	1.1774
serum	H3N2	SANTIAGO/6416/2001-NIID	2001	32.5769	2.3161
serum	H3N2	WYOMING/3-LOT04/2003-NIID	2003	35.8474	2.5479
serum	H3N2	WYOMING/3/2003-NIID	2003	34.7567	0.9443
serum	H3N2	AOMORI/43/2004-NIID	2004	36.4174	1.6833
serum	H3N2	OSAKA/56/2004-NIID	2004	37.1846	0.5045
serum	H3N2	CHRISTCHURCH/28/2003-MELB	2003	34.2561	0.9058
serum	H3N2	VICTORIA/110/2004-MELB	2004	35.0095	0.3135
serum	H3N2	WELLINGTON/1-X-PR-8-LOT-2005-019/2004-CDC	2004	35.8302	-0.4705
serum	H3N2	HONG-KONG/1186/2003-MELB	2003	34.3370	-1.5106
serum	H3N2	KUMAMOTO/102-LOT-150H-F793-14D/2002-MELB	2002	34.5089	1.7280
serum	H3N2	MALAYSIA/1-MELB-TABLE-COL-11/2004-MELB	2004	36.0638	0.3207
serum	H3N2	WYOMING/3-LOT-151G-F792-14D/2003-MELB	2003	35.5536	-1.1796
serum	H3N2	HONG-KONG/2831-LOT-2005-087-NEW/2005-CDC	2005	39.2085	-0.0506
serum	H3N2	MISSISSIPPI/5-LOT-2005-088-NEW/2004-CDC	2004	37.4008	-1.0635
serum	H3N2	CALIFORNIA/7-REASSORTANT-CDC-LOT-2005-083-MEDIMMUNE-NEW/2004-CDC	2004	35.5995	0.8769
serum	H3N2	NEWHAMPSHIRE/14-LOT-2005-081-NEW/2004-CDC	2004	36.3044	0.6865
serum	H3N2	HONG-KONG/4583-LOT-2005-075/2004-CDC	2004	36.2457	0.0528
serum	H3N2	CALIFORNIA/7-LOT-2005-046-2005-047-AND-2005-048-POOLED/2004-CDC	2004	38.5215	-0.5509
serum	H3N2	HONG-KONG/4583-LOT-2005-075-NEW/2004-CDC	2004	37.2926	-2.3273
serum	H3N2	WYOMING/3-LOT-2005-070-X-147-REASSORTANT/2003-CDC	2003	35.3871	0.5360
serum	H3N2	NEW-YORK/55-X-PR-8-X-157A-LOT-2005-056/2004-CDC	2004	37.0569	-2.6613
serum	H3N2	NEW-YORK/55-X-PR-8-X-157B-LOT-2005-057/2004-CDC	2004	38.7889	-1.4689
serum	H3N2	WYOMING/3-LOT-2005-067-X-147-REASSORTANT-HARVESTED-AT-DAY-7/2003-CDC	2003	34.6763	-1.9709
serum	H3N2	NEW-YORK/55-X-PR-8-X-157A-LOT-2005-056-NEW/2004-CDC	2004	37.1392	-1.5959
serum	H3N2	NEW-YORK/55-X-PR-8-X-157B-LOT-2005-057-NEW/2004-CDC	2004	38.9717	-2.2332
serum	H3N2	NEW-YORK/55-X-PR-8-X-157-LOT-2005-054-NEW/2004-CDC	2004	36.8931	1.7027
serum	H3N2	NEW-YORK/40-LOT-2005-041-NEW/2004-CDC	2004	35.9192	-3.8930
serum	H3N2	NEW-YORK/40-LOT-2005-042-NEW/2004-CDC	2004	33.9880	-3.0004
serum	H3N2	NEW-YORK/55-LOT-2005-043-NEW/2004-CDC	2004	39.0571	-1.1715
serum	H3N2	NEW-YORK/55-LOT-2005-044-NEW/2004-CDC	2004	36.9056	-1.2712
serum	H3N2	VICTORIA/110-ALAN-HAMPSON/2004-CDC	2004	34.8972	-0.5287
serum	H3N2	VICTORIA/500-ALAN-HAMPSON/2004-CDC	2004	35.2175	-0.3951
serum	H3N2	PANAMA/2007/1999-CDC	1999	32.2572	0.9205
serum	H3N2	BRISBANE/4/2007-MELB	2007	38.8141	1.4083
serum	H3N2	BRISBANE/9/2005-MELB	2005	39.6223	-0.9169
serum	H3N2	THAILAND/31/2007-MELB	2007	40.2050	0.3777
serum	H3N2	ULANUDE/1/2001-MELB	2001	31.6367	0.0849
serum	H3N2	HAWAII/8-LOT-2007-070/2007-CDC	2007	38.9284	-0.5788
serum	H3N2	HAWAII/8-LOT-2007-070-NEW/2007-CDC	2007	38.7897	0.8109
serum	H3N2	LYON/1331-LOT-2007-071-NEW/2006-CDC	2006	41.7128	-0.9657
serum	H3N2	NEPAL/921-X-PR8-X-165-LOT-2007-074-NEW/2006-CDC	2006	41.8899	-1.0859
serum	H3N2	BRISBANE/10/2007-MELB	2007	39.2986	0.7649
serum	H3N2	NEPAL/921/2006-MELB	2006	39.0925	-1.8223
serum	H3N2	PERTH/27/2007-MELB	2007	39.1184	0.5956
serum	H3N2	ANHUI/1238-LOT-2006-024-NEW/2005-CDC	2005	40.0402	-1.2094
serum	H3N2	ANHUI/1239-LOT-2006-025-NEW/2005-CDC	2005	40.1988	-0.9691
serum	H3N2	WISCONSIN/67-LOT-2006-031-NEW/2005-CDC	2005	36.8148	1.2381
serum	H3N2	NORTHCAROLINA/13-LOT-2005-104-NEW/2005-CDC	2005	39.3466	-1.0059
serum	H3N2	OKAYAMA/29-NO-1/2005-NIID	2005	35.8381	0.7420
serum	H3N2	HK/1/68	1968	1.3338	-0.3291
serum	H3N2	EN/42/72	1972	4.6363	-1.7330
serum	H3N2	PC/1/73	1973	6.5692	0.2263
serum	H3N2	VI/3A/75	1975	7.5031	-2.6947
serum	H3N2	LE/360/86	1986	15.4866	0.0208
serum	H3N2	TE/1A/77	1977	11.6342	3.3085
serum	H3N2	NL/330/85	1985	15.1099	-0.2016
serum	H3N2	BA/1/79	1979	13.9775	1.6611
serum	H3N2	PH/2/82	1982	13.9142	-0.0237
serum	H3N2	WE/4/85	1985	16.4011	-1.0458
serum	H3N2	EN/496/80	1980	14.1989	1.7482
serum	H3N2	SL/840/74	1974	5.8248	0.3195
serum	H3N2	BI/21793/72	1972	3.4350	0.3618
serum	H3N2	BI/5930/74	1974	5.2794	-0.1879
serum	H3N2	AM/1609/77	1977	10.3909	-2.0784
serum	H3N2	BI/2461/78	1978	12.8212	0.4994
serum	H3N2	RD/577/80	1980	12.7071	0.9065
serum	H3N2	NL/209/80	1980	12.6939	0.4451
serum	H3N2	NL/233/82	1982	12.7317	-0.0142
serum	H3N2	NL/241/82	1982	13.2525	0.1262
serum	H3N2	ST/10/85	1985	16.3215	0.3113
serum	H3N2	VI/2/90	1990	20.4807	2.3227
serum	H3N2	LY/1149/91	1991	22.1001	2.2562
serum	H3N2	MA/G252/93	1993	27.8900	-0.3366
serum	H3N2	NL/1/95	1995	26.8927	-2.7180
serum	H3N2	NL/218/95	1995	28.0320	-2.4853
serum	H3N2	NL/172/96	1996	27.9760	1.0442
serum	H3N2	VI/7/87	1987	18.1919	0.6892
serum	H3N2	TE/1B/77	1977	11.5151	2.4590
serum	H3N2	BA/2/79	1979	13.8013	0.4398
serum	H3N2	CE/1B/84	1984	15.9536	1.5888
serum	H3N2	CO/2/86	1986	15.9361	0.4472
serum	H3N2	BE/353/89	1989	21.6465	1.3719
serum	H3N2	VI/3C/75	1975	9.6987	-0.9891
serum	H3N2	SH/11/87	1987	18.2968	-2.4132
serum	H3N2	GD/25/93	1993	26.6975	-2.2822
serum	H3N2	JO/33/94	1994	26.7934	-2.2478
serum	H3N2	NL/47/95	1995	26.9473	-0.6853
serum	H3N2	NA/933/95	1995	29.1556	1.3466
serum	H3N2	LY/2279/95	1995	27.4985	-0.7093
serum	H3N2	SP/1/96	1996	26.9700	1.6128
serum	H3N2	AU/10/97	1997	32.2675	1.2009
serum	H3N2	NL/5/98	1998	27.7831	1.0212
serum	H3N2	NL/18/94	1994	27.9260	-0.0578
serum	H3N2	HK/107/71	1971	1.4545	-0.0267
serum	H3N2	PH/2V/82	1982	14.2512	0.7533
serum	H3N2	BE/32V/92	1992	23.5539	-1.0653
serum	H3N2	NL/286/97	1997	27.4401	1.2980
serum	H3N2	SY/5V/97	1997	32.5197	2.3669
serum	H3N2	SI/2/87	1987	18.6172	-1.3812
serum	H3N2	GU/54/89	1989	19.3083	-2.2257
serum	H3N2	NL/450/88	1988	18.1373	-0.6597
serum	H3N2	CC/4/85	1985	11.2777	2.2079
serum	H3N2	NL/333/85	1985	14.8971	2.0119
serum	H3N2	CE/1A/84	1984	14.1388	0.9491
serum	H3N2	NL/620/89	1989	19.3804	-0.1724
serum	H3N2	BE/32A/92	1992	24.5235	-1.8822
serum	H3N2	HK/34/90	1990	21.6612	-2.4230
serum	H3N2	BE/32B/92	1992	22.6408	-1.9572
serum	H3N2	FI/338/95	1995	26.3189	-1.7503
serum	H3N2	SD/9/93	1993	25.1922	-2.3458
serum	H3N2	OS/2352/93	1993	24.1278	-2.2563
serum	H3N2	PR/413/94	1994	26.3359	-0.9679
serum	H3N2	GE/A9509/95	1995	26.5802	-1.6827
serum	H3N2	BR/8/96	1996	27.7965	1.0077
serum	H3N2	SY/5B/97	1997	32.0783	2.2836
serum	H3N2	SY/5A/97	1997	31.9803	2.3487
serum	H3N2	WU/359B/95	1995	26.6276	1.9446
serum	H3N2	MW/10/99	1999	32.1929	1.7445
serum	H3N2	SY/5HAY/97	1997	32.0113	1.3261
serum	H3N2	NL/1/02	2002	33.5717	0.7128
serum	H3N2	PM/2007/99	1999	32.2781	1.7398
serum	H3N2	NL/126/01	2001	31.1095	1.1755
serum	H3N2	NL/118/01	2001	32.5160	1.7000
serum	H3N2	FU/411/02	2002	34.8154	-0.7382
serum	H3N2	NL/88/03	2003	34.6227	1.4370
serum	H3N2	NL/22/03	2003	34.5982	0.0031
serum	H3N2	NL/124/01	2001	32.7180	1.3626
serum	H3N2	A/Wis/67/05_F18/08	2005	38.9260	0.2814
serum	H3N2	A/Trieste/25c/07_F5/07	2007	38.8594	0.6584
serum	H3N2	A/Wis/3/07_F15/07	2007	39.5726	-0.1171
serum	H3N2	A/Bris/10/07_F29/08	2007	39.3764	1.0330
serum	H3N2	A/Uru/716/07_F26/08	2007	38.8267	1.2392
serum	H3N2	A/Jhb/15/08_F22/08	2008	39.6855	1.3367
serum	H3N2	A/Eng/394/08_F32/08	2008	41.4919	0.5301
serum	H3N2	A/Bris/24/08_F3/09	2008	38.9215	0.6142
serum	H3N2	A/Wis/67/05_F1/06	2005	38.2185	2.0027
serum	H3N2	A/Fin/9/08_F12/088	2008	39.5055	1.8642
serum	H3N2	A/HK/1952/09_F22/09	2009	43.2873	0.4150
serum	H3N2	A/HK/1985/09_F21/09	2009	45.0273	0.8518
serum	H3N2	A/Perth/16/09_F25/09	2009	44.3342	-0.5950
serum	H3N2	A/Wis/15/09_F24/09	2009	43.9166	0.0940
serum	H3N2	A/HK/26560/09_CDCF38/10	2009	43.2373	1.4204
serum	H3N2	A/Phil/2191/09_CDCF39/10	2009	44.1989	1.3924
serum	H3N2	A/Bris/10/07_F18/07	2007	39.5299	-0.0924
serum	H3N2	A/Perth/16/09_F35/11	2009	43.5634	-0.4289
serum	H3N2	A/Vic/208/09_F7/10	2009	42.2537	-0.2375
serum	H3N2	A/Vic/210/09_F11/10	2009	43.5217	-0.3206
serum	H3N2	A/Ala/5/10_F27/10	2010	44.6872	0.4041
serum	H3N2	A/Perth/10/10_F03/11	2010	43.7734	0.1624
serum	H3N2	A/HK/3969/11_F27/11	2011	43.4631	1.5750
serum	H3N2	A/Stock/18/11_F28/11	2011	44.2274	1.7077
serum	H3N2	A/Iowa/19/10_F15/11	2010	44.0751	0.5029
serum	H3N2	A/Bris/10/07_F29/09	2007	40.1221	0.4871
serum	H3N2	A/Perth/16/09_F30/09	2009	44.6892	-0.5460
serum	H3N2	A/Wis/67/05_F6/06	2005	38.3849	-1.0099
serum	H3N2	A/Nepal/921/06_F2/07	2006	38.1732	-0.4155
serum	H3N2	A/Sofia/319/07_F6/07	2007	38.2990	0.9127
serum	H3N2	A/Serr/77/07_F10/07	2007	38.0421	-1.0492
serum	H3N2	A/Prag/3/07_F9/07	2007	37.8657	-0.2977
serum	H3N2	A/Tri/25E/07_F11/07	2007	38.5623	0.8570
serum	H3N2	A/Hen/147/07_F16/07	2007	37.9593	-0.0929
serum	H3N2	A/Bris/10/07_F17/07	2007	39.1049	0.0317
serum	H3N2	A/HK/34430/09_F4/10	2009	43.8705	1.1777
serum	H3N2	A/RhodeIs/1/10_CDC77/10	2010	43.3181	-0.0996
serum	H3N2	A/Wis/67/05_F01/06	2005	38.2905	-0.7603
serum	H3N2	A/Bris/10/07_F09/11	2007	39.3918	1.0200
serum	H3N2	A/Vic/210/09_F10/11	2009	42.9628	-1.7475
serum	H3N2	A/Alaska/5/10_F14/11	2010	43.2568	-0.1368
serum	H3N2	A/Guad/202/10_F16/11	2010	45.0359	-0.8490
serum	H3N2	A/Mont/5/11_CDC	2011	44.4298	-0.3570
serum	H3N2	A/Iowa/19/10_CDC	2010	44.1838	0.9806
serum	H3N2	A/SAus/3/11_F2018	2011	44.4474	-0.0181
serum	H3N2	A/Syd/5/97_nimr02	1997	31.3720	2.1675
serum	H3N2	A/Mosc/10/99_nimr02	1999	31.6731	0.7057
serum	H3N2	A/Pan/2007/99_nimr02	1999	31.6980	1.7897
serum	H3N2	A/Toul/878/01_nimr02	2001	33.1577	0.9675
serum	H3N2	A/Sing/15/01_nimr02	2001	34.0808	-0.7371
serum	H3N2	A/HK/734/01_nimr02	2001	33.2514	0.5137
serum	H1N1	A/Arizona/14/78	1978	-0.3250	2.7527
serum	H1N1	A/Bay/07/95	1995	9.5452	-1.7710
serum	H1N1	A/Bay/7/95	1995	9.9343	-0.2554
serum	H1N1	A/Beij/262/96	1995	13.6888	1.6757
serum	H1N1	A/Beij/262/95	1995	13.3243	1.3280
serum	H1N1	A/BRZ/11/78	1978	0.4587	0.0571
serum	H1N1	A/Brazil/11/78	1978	0.2043	-0.2741
serum	H1N1	A/Bris/59/07_F6/08	2007	19.7958	-2.0402
serum	H1N1	A/Bris/59/07_F2/07	2007	19.8913	-1.0536
serum	H1N1	A/Bris/59/07_F2/08	2007	19.8428	-0.9305
serum	H1N1	A/Bris59/07	2007	21.3806	-2.8334
serum	H1N1	A/California/45/78	1978	1.3809	2.2118
serum	H1N1	A/CHL/1/83	1983	2.3640	-1.7352
serum	H1N1	A/Chile/1/83	1983	3.8829	-1.0518
serum	H1N1	A/Chile/8885/02	2002	15.3821	0.0721
serum	H1N1	A/DUN/27/83	1983	5.3932	0.2182
serum	H1N1	A/Dunedin/27/83	1983	4.1201	0.7209
serum	H1N1	A/Eg/10/07_F4/07	2007	20.3748	-0.5163
serum	H1N1	A/Eg/10/07_F4/08	2007	20.0117	-0.8673
serum	H1N1	A/Egypt/39/05	2005	16.7341	0.2743
serum	H1N1	A/Eg/96/02	2002	16.2874	-0.0871
serum	H1N1	A/ENG/333/80	1980	1.7994	-0.0367
serum	H1N1	A/England/333/80	1980	0.4496	-1.6379
serum	H1N1	A/Fuk/103/78	1978	2.9374	-3.5485
serum	H1N1	A/Fuk/141/06_NIB1/07	2006	18.6890	-1.5625
serum	H1N1	A/Fuk/141/06	2006	19.7475	-1.2091
serum	H1N1	A/Fuk/97/06	2006	18.3811	-1.3409
serum	H1N1	A/HK/1252/00	2000	17.0381	-1.4388
serum	H1N1	A/HK/1856/08_F28/08	2008	19.5596	0.6484
serum	H1N1	A/HK/1870/08_F4/09	2008	20.2994	-0.5699
serum	H1N1	A/HK1870/08	2008	21.5240	-0.7456
serum	H1N1	A/HK/1988/09_F20/09	2009	20.5510	1.7122
serum	H1N1	A/HongKong/2/82	1982	1.8292	-0.0579
serum	H1N1	A/HK/2367/04	2004	16.4159	1.8637
serum	H1N1	A/HK/2637/04	2004	15.8445	1.6013
serum	H1N1	A/HK/2652/06_F14/06	2006	19.7835	-0.3473
serum	H1N1	A/HK2652/06	2006	19.5444	-1.1595
serum	H1N1	A/HK/2652/06	2006	19.8269	-0.6527
serum	H1N1	A/Hung/2/03	2003	16.6746	1.1180
serum	H1N1	A/IND/6263/80	1980	3.4972	0.0957
serum	H1N1	A/India/6263/80	1980	3.2375	0.1379
serum	H1N1	A/Joh/82/96	1996	9.4634	-1.7345
serum	H1N1	A/Kumamoto/103/78	1978	-0.3630	-0.1825
serum	H1N1	A/LACK/3/78	1978	3.0379	1.6256
serum	H1N1	A/Lackland/3/78	1978	0.1260	2.7265
serum	H1N1	A/Lackland/7/78	1978	0.4837	0.1774
serum	H1N1	A/Mad/57794/00	2000	16.4698	1.1474
serum	H1N1	A/Mos/2/09_F19/09	2009	19.6011	1.8234
serum	H1N1	A/Neth/128/04	2004	16.8583	1.6041
serum	H1N1	A/Neth/345/07_F23/07	2007	19.1333	1.1638
serum	H1N1	A/NC/20/99_F19/08	1999	15.4555	1.1799
serum	H1N1	A/NC/20/99	1999	15.3895	0.6776
serum	H1N1	A/NC/20/99_F18/06	1999	15.1024	-0.0595
serum	H1N1	A/Perth200/08	2008	19.1275	-0.8435
serum	H1N1	A/Sey/2239/08_F27/08	2008	20.0022	1.1822
serum	H1N1	A/Sing/6/86	1986	7.7392	-0.9098
serum	H1N1	A/SI/3/06_F8/07	2006	19.3960	-1.4516
serum	H1N1	A/SI3/06	2006	20.0940	0.4402
serum	H1N1	A/SI/3/06	2006	19.9395	-0.4942
serum	H1N1	A/SDak6/07	2007	19.5320	-2.8593
serum	H1N1	A/SPeter/10/07	2007	16.6330	2.4494
serum	H1N1	A/SP/12/08_F17/08	2008	20.3541	-0.7322
serum	H1N1	A/StPet/5/08_F13/08	2008	19.6834	-0.6058
serum	H1N1	A/Switzerland/79/85	1985	3.8333	-1.5108
serum	H1N1	A/Taiwan/1/86	1986	7.1210	-0.7073
serum	H1N1	A/Texas/23/79	1979	0.5010	0.2570
serum	H1N1	A/TX/29/82	1982	5.1692	1.6284
serum	H1N1	A/Texas/36/91	1991	9.1458	-0.2685
serum	H1N1	A/Thess/24/05	2005	16.2607	1.3024
serum	H1N1	A/Thess/24/05_F10/05	2005	16.4157	1.4908
serum	H1N1	A/USSR/50/79	1979	1.6065	0.5214
serum	H1N1	A/USSR/90/77	1977	-1.2779	0.2245
serum	H1N1	A/USSR/92/77	1977	0.3350	0.6674
serum	H1N1	A/VIC/36/88	1988	7.5373	-1.9632
serum	H1N1	A/VIC/7/83	1983	5.3247	0.5313
serum	H1N1	A/Victoria/7/83	1983	0.9779	-3.2078
serum	H1N1	IVR-148	2007	20.3119	-1.9267
serum	Vic	B/BJ/1987	1987	0.9969	2.1669
serum	Vic	B/Aichi/5/1988	1988	1.3396	1.5172
serum	Vic	B/Osaka/c19/1993	1993	2.9021	2.1215
serum	Vic	B/Guangdong/5/1994	1994	3.4515	-0.6452
serum	Vic	B/Shandong/7/1997	1997	6.3201	-0.2614
serum	Vic	B/Shan/7/97	1997	6.6915	-0.6024
serum	Vic	B/Shan7/97	1997	7.4373	-0.9194
serum	Vic	B/Shan/7/97_F12/02	1997	6.3651	-0.6016
serum	Vic	B/Beijing/243/1997	1997	4.9248	-0.6905
serum	Vic	B/HongKong/330/2001	2001	4.2389	-0.3816
serum	Vic	B/HongKong/22/2001	2001	6.5833	-0.3745
serum	Vic	B/Tehran/80/2002	2002	5.7584	0.2906
serum	Vic	B/Brisbane/32/2002	2002	5.4068	-0.4895
serum	Vic	B/Aichi/3/1998	1998	6.2498	-2.1534
serum	Vic	B/HK/330/01	2001	4.5039	0.9322
serum	Vic	B/HK/335/01	2001	6.6426	-1.1839
serum	Vic	B/HK/330/2001	2001	6.3597	-0.5569
serum	Vic	B/Te/80/02	2002	7.3226	-0.8147
serum	Vic	B/Bris/32/02	2002	5.6354	-0.3481
serum	Vic	B/Tehr/80/02	2002	6.0034	0.6090
serum	Vic	B/Bris/32/02_F2/03	2002	6.2326	-0.9277
serum	Vic	B/Bris/32/02_F20/03	2002	6.4478	0.6906
serum	Vic	BRIS/32/2002_F778	2002	6.5962	2.3893
serum	Vic	B/HK/1434/02	2002	5.3889	-0.9258
serum	Vic	B/Mal/2506/04	2004	6.4964	-0.7698
serum	Vic	B/Mal/2506/04_F28/05	2004	7.4570	-0.8528
serum	Vic	HAW/33/2004_F836	2004	6.9318	0.3686
serum	Vic	MAL/2506/2004_F865	2004	6.2958	0.6221
serum	Vic	B/Hi/22/04	2004	6.0471	-0.6839
serum	Vic	B/Mal/2506/04_F37/11	2004	6.8929	0.4606
serum	Vic	MY/2506/2005	2004	7.1557	0.1755
serum	Vic	B/HK/45/05	2005	8.4752	-0.8129
serum	Vic	B/Mal/2506/05_AUS	2005	5.6578	-0.2539
serum	Vic	B/Ill/13/05_CDC	2005	7.3079	0.4221
serum	Vic	B/HK/45/05_F15/05	2005	4.8618	-2.3834
serum	Vic	B/HK/45/05_F12/05	2005	9.7242	-0.5702
serum	Vic	OHIO/1/2005_F856	2005	6.3987	0.1524
serum	Vic	B/Mal/174/06_AUS	2006	7.9707	0.2002
serum	Vic	B/Vic/304/06	2006	7.2166	-0.5016
serum	Vic	B/Vic/304/06_F16/06	2006	6.9630	0.5901
serum	Vic	MAL/174/2006_F884	2006	7.7712	-1.6433
serum	Vic	NC/5/2006_F898	2006	7.4014	0.1999
serum	Vic	VIC/304/2006_F899	2006	6.9820	0.1713
serum	Vic	B/Eng/393/08_F31/08	2008	8.2015	2.2727
serum	Vic	B/Bris/60/08_F2/09	2008	9.1784	-0.7274
serum	Vic	B/Bris/33/08_AUS_F1235	2008	8.5800	-0.5139
serum	Vic	B/Bris/33/08_F1/09	2008	7.1928	3.2082
serum	Vic	B/Paris/1762/08_F11/09	2008	12.1327	-0.6188
serum	Vic	B/Bris/60/08_F5/09	2008	8.3071	0.0089
serum	Vic	B/England/393/08_F31/08	2008	8.7693	-0.6379
serum	Vic	B/Bris/60/08_F25/10	2008	9.4057	-0.8457
serum	Vic	B/England/393/08_F05/11	2008	9.2712	-0.3002
serum	Vic	B/Bris/60/08_F06/11	2008	9.3620	-0.3231
serum	Vic	B/Paris/1762/08_F07/11	2008	11.8798	-0.8067
serum	Vic	B/Eng/393/08_F05/11	2008	9.3348	-0.3053
serum	Vic	Br/33/2008	2008	8.6018	0.0005
serum	Vic	BR/2937/2008	2008	9.0313	-0.5447
serum	Vic	HK/90/2008	2008	9.6333	-1.4960
serum	Vic	Fujian-G/1272/2008	2008	7.3916	1.1809
serum	Vic	TX/26/2008	2008	8.6955	-1.3630
serum	Vic	B/Mad/7002/09_F2/10	2009	12.6538	-1.0873
serum	Vic	B/HK/514/09_F3/10	2009	12.6426	-1.3232
serum	Vic	B/HK/514/09_F13/10	2009	11.9934	-1.4260
serum	Vic	B/Paris/1762/09_F7/11	2009	11.4683	-1.0039
serum	Vic	B/Paris/1762/09_F07/11	2009	11.7966	-1.7990
serum	Vic	Br/60/2009	2009	9.7509	-0.7405
serum	Vic	B/Odessa/3886/10_F17/10	2010	12.1627	-1.1720
serum	Vic	B/Odessa/3886/10_F19/11	2010	11.7230	-0.6821
serum	Vic	B/Cam/30/2011_Aus_F1904	2011	7.9552	0.0341
serum	Vic	B/Malta/636714/11_F33/11	2011	9.2507	-0.0713
serum	Yam	B/YM/1988	1988	0.2203	0.5913
serum	Yam	B/Yamagata/16/1988	1988	0.1947	0.3324
serum	Yam	B/HongKong/22/1989	1989	0.8353	-1.4664
serum	Yam	B/Bangkok/163/1990	1990	0.8405	-2.5287
serum	Yam	B/Mie/1/1993	1993	2.6577	0.5642
serum	Yam	B/Beijing/184/1993	1993	2.1427	0.9348
serum	Yam	B/Harbin/7/1994	1994	3.6585	0.6452
serum	Yam	B/Sichuan/379/1999	1999	2.9044	0.8304
serum	Yam	B/Lusaka/270/1999	1999	2.6970	-0.7947
serum	Yam	B/Lusaka/432/1999	1999	3.1848	-0.3520
serum	Yam	B/Harbin/07/1994	1994	2.1513	0.0245
serum	Yam	B/Yamanashi/166/1998	1998	4.6193	0.5806
serum	Yam	B/Aichi/7/1998	1998	3.7133	1.0835
serum	Yam	B/Shiga/T30/1998	1998	3.5101	0.5090
serum	Yam	B/Yamagata/K515/2001	2001	5.0879	-0.1640
serum	Yam	B/Yamagata/K501/2001	2001	3.1790	0.3643
serum	Yam	B/Sich/379/99	1999	4.4631	-0.1778
serum	Yam	B/Sich/379/99_F19/01	1999	3.8202	0.8535
serum	Yam	B/Sichuan/379/99	1999	3.5352	-0.1963
serum	Yam	B/Sic/379/99	1999	4.3026	-0.3707
serum	Yam	B/Shizuoka/15/2001	2001	3.8162	0.1672
serum	Yam	B/Johannesburg/69/2001	2001	3.6418	-0.1307
serum	Yam	B/Shanghai/361/2002	2002	4.9346	-0.2742
serum	Yam	B/Guandong/120/00	2000	5.2258	-0.0729
serum	Yam	B/Guan/120/00	2000	4.5951	0.0975
serum	Yam	B/Yamagata/552/2001	2001	4.9446	-0.2796
serum	Yam	B/Shai/361/02	2002	4.5613	0.2776
serum	Yam	SHAN/361/2002_F806	2002	4.1063	-0.7635
serum	Yam	B/Jiang/10/03	2003	6.0646	-3.1914
serum	Yam	B/Jiang/10/03_F8/04	2003	5.4444	-2.8169
serum	Yam	JIAN/10/2003_F866	2003	4.5653	-2.8754
serum	Yam	B/Fl/7/04	2004	5.5358	0.3071
serum	Yam	B/Fl/7/04_F21/05	2004	6.4939	-0.0611
serum	Yam	VIC/502/2004_F841	2004	5.2724	-0.2202
serum	Yam	FLOR/7/2004_F843	2004	4.3218	1.1831
serum	Yam	B/Egypt/144/05	2005	5.8368	-0.7323
serum	Yam	B/Eg/144/05	2005	6.2695	-0.3958
serum	Yam	B/Fl/7/05	2005	5.2497	-0.0019
serum	Yam	B/Eg/144/05_F3/07	2005	6.4783	0.2245
serum	Yam	B/Eg/144/05_F3/04	2005	7.7544	1.1142
serum	Yam	B/Eg/144/05_F7/05	2005	7.1259	-0.0454
serum	Yam	B/Eg/144/05_F03/07	2005	6.0020	-0.0284
serum	Yam	B/Fl/4/06_CDC	2006	5.7773	-1.1237
serum	Yam	B/Fl/4/06_F20/07	2006	6.7843	0.8648
serum	Yam	B/Fl/4/06_F19/07	2006	7.6001	1.5643
serum	Yam	B/Fl/4/06_F21/07	2006	8.2884	2.3071
serum	Yam	B/Fl/4/06_F1/10	2006	6.7941	0.4658
serum	Yam	B/Fl/4/06_F10/07	2006	7.3085	0.9868
serum	Yam	B/Bris/3/07_F24/07	2007	6.1983	0.6767
serum	Yam	B/Sen/114/07_F1/08	2007	5.8229	0.2567
serum	Yam	B/Bang/3333/07_F21/08	2007	7.2437	0.0250
serum	Yam	B/Ban/3333/07_F21/08	2007	8.1776	0.5575
serum	Yam	B/Bang/3333/07_F25/08	2007	7.2619	0.2241
serum	Yam	B/Bang/3333/07_F24/10	2007	7.2301	0.4138
serum	Yam	B/Barc/143/08_F11/08	2008	9.3363	-1.3429
serum	Yam	B/Eng/145/08_F9/08	2008	7.2578	-1.2493
serum	Yam	B/Vall/18/08_F10/08	2008	9.4924	-1.2954
serum	Yam	B/Eng/145/08_F9/082	2008	6.9477	-1.3552
serum	Yam	B/Eng/145/08_F12/112	2008	6.9473	-0.5077
serum	Yam	B/Eng/145/08_F12/11	2008	5.8716	-1.2016
serum	Yam	B/Eng/145/08_F09/08	2008	6.4594	-1.1990
serum	Yam	B/Alg/G-486/10_F15/10	2010	9.2692	-0.5007
serum	Yam	B/Wis/1/10_F23/10	2010	7.7525	1.0776
serum	Yam	B/Wis/1/10/F23/10	2010	7.1911	0.3324
serum	Yam	B/Nieder/1/10_F4/11	2010	8.7080	0.1055
serum	Yam	B/Wis/1/10_F26/10	2010	6.7821	0.7385
serum	Yam	B/Stock/12/11_F34/11	2011	7.5794	0.0088
serum	Yam	B/Estonia/55669/11_F26/11	2011	10.2064	2.6659
serum	Yam	B/Serbia/1894/11_F25/11	2011	9.4988	-0.3613
